ISO-10303-21;
HEADER;
/* Generated by software containing ST-Developer
 * from STEP Tools, Inc. (www.steptools.com) 
 */
/* OPTION: using custom schema-name function */

FILE_DESCRIPTION(
/* description */ (''),
/* implementation_level */ '2;1');

FILE_NAME(
/* name */ 'GPS',
/* time_stamp */ '2024-11-28T13:53:09+08:00',
/* author */ (''),
/* organization */ (''),
/* preprocessor_version */ 'ST-DEVELOPER v19.2',
/* originating_system */ 'Rhino 8.5',
/* authorisation */ '');

FILE_SCHEMA (('CONFIG_CONTROL_DESIGN'));
ENDSEC;

DATA;
#10=SHAPE_REPRESENTATION_RELATIONSHIP('','',#1145,#13);
#11=SHAPE_REPRESENTATION_RELATIONSHIP('','',#1145,#96);
#12=GEOMETRIC_CURVE_SET('curve_set_0',(#44,#859,#884,#895,#61,#62,#896,
#2006,#897,#63,#898,#899,#900,#901,#902));
#13=GEOMETRICALLY_BOUNDED_WIREFRAME_SHAPE_REPRESENTATION(
'wireframe_rep_0',(#12,#1236),#1144);
#14=FACE_BOUND('',#260,.T.);
#15=FACE_BOUND('',#262,.T.);
#16=FACE_BOUND('',#296,.T.);
#17=FACE_BOUND('',#298,.T.);
#18=FACE_BOUND('',#305,.T.);
#19=FACE_BOUND('',#307,.T.);
#20=TRIMMED_CURVE($,#40,(#1652),(#1653),.T.,.CARTESIAN.);
#21=TRIMMED_CURVE($,#41,(#1655),(#1656),.T.,.CARTESIAN.);
#22=TRIMMED_CURVE($,#42,(#1680),(#1681),.T.,.CARTESIAN.);
#23=TRIMMED_CURVE($,#43,(#1683),(#1684),.T.,.CARTESIAN.);
#24=TRIMMED_CURVE($,#45,(#1908),(#1909),.T.,.CARTESIAN.);
#25=TRIMMED_CURVE($,#46,(#1913),(#1914),.T.,.CARTESIAN.);
#26=TRIMMED_CURVE($,#47,(#1916),(#1917),.T.,.CARTESIAN.);
#27=TRIMMED_CURVE($,#48,(#1919),(#1920),.T.,.CARTESIAN.);
#28=TRIMMED_CURVE($,#49,(#1932),(#1933),.T.,.CARTESIAN.);
#29=TRIMMED_CURVE($,#50,(#1935),(#1936),.T.,.CARTESIAN.);
#30=TRIMMED_CURVE($,#51,(#1940),(#1941),.T.,.CARTESIAN.);
#31=TRIMMED_CURVE($,#52,(#1943),(#1944),.T.,.CARTESIAN.);
#32=TRIMMED_CURVE($,#53,(#1963),(#1964),.T.,.CARTESIAN.);
#33=TRIMMED_CURVE($,#54,(#1968),(#1969),.T.,.CARTESIAN.);
#34=TRIMMED_CURVE($,#55,(#1971),(#1972),.T.,.CARTESIAN.);
#35=TRIMMED_CURVE($,#56,(#1974),(#1975),.T.,.CARTESIAN.);
#36=TRIMMED_CURVE($,#57,(#1987),(#1988),.T.,.CARTESIAN.);
#37=TRIMMED_CURVE($,#58,(#1990),(#1991),.T.,.CARTESIAN.);
#38=TRIMMED_CURVE($,#59,(#1995),(#1996),.T.,.CARTESIAN.);
#39=TRIMMED_CURVE($,#60,(#1998),(#1999),.T.,.CARTESIAN.);
#40=CIRCLE('',#1186,3.00000000000001);
#41=CIRCLE('',#1187,3.00000000000001);
#42=CIRCLE('',#1188,3.);
#43=CIRCLE('',#1189,3.);
#44=CIRCLE('',#1190,6.22376240150341);
#45=CIRCLE('',#1210,3.65);
#46=CIRCLE('',#1211,3.65);
#47=CIRCLE('',#1212,2.65);
#48=CIRCLE('',#1213,2.65);
#49=CIRCLE('',#1214,3.65);
#50=CIRCLE('',#1215,3.65);
#51=CIRCLE('',#1216,2.65);
#52=CIRCLE('',#1217,2.65);
#53=CIRCLE('',#1225,3.65000000000008);
#54=CIRCLE('',#1226,3.65000000000003);
#55=CIRCLE('',#1227,2.65);
#56=CIRCLE('',#1228,2.65);
#57=CIRCLE('',#1229,3.65);
#58=CIRCLE('',#1230,3.65);
#59=CIRCLE('',#1231,2.65);
#60=CIRCLE('',#1232,2.65);
#61=CIRCLE('',#1233,3.65);
#62=CIRCLE('',#1234,3.65);
#63=CIRCLE('',#1235,3.);
#64=CYLINDRICAL_SURFACE('',#1169,3.);
#65=CYLINDRICAL_SURFACE('',#1172,3.);
#66=CYLINDRICAL_SURFACE('',#1185,6.2237624015034);
#67=CYLINDRICAL_SURFACE('',#1203,3.65);
#68=CYLINDRICAL_SURFACE('',#1206,2.65);
#69=CYLINDRICAL_SURFACE('',#1207,3.65);
#70=CYLINDRICAL_SURFACE('',#1209,2.65);
#71=CYLINDRICAL_SURFACE('',#1218,3.65);
#72=CYLINDRICAL_SURFACE('',#1221,2.65);
#73=CYLINDRICAL_SURFACE('',#1222,3.65);
#74=CYLINDRICAL_SURFACE('',#1224,2.65);
#75=B_SPLINE_SURFACE_WITH_KNOTS('',3,3,((#1435,#1436,#1437,#1438),(#1439,
#1440,#1441,#1442),(#1443,#1444,#1445,#1446),(#1447,#1448,#1449,#1450),
(#1451,#1452,#1453,#1454),(#1455,#1456,#1457,#1458),(#1459,#1460,#1461,
#1462)),.UNSPECIFIED.,.F.,.F.,.F.,(4,1,1,1,4),(4,4),(-52.65,-46.4,-40.15,
-33.9,-27.65),(0.,8.99113999595379),.UNSPECIFIED.);
#76=B_SPLINE_SURFACE_WITH_KNOTS('',3,3,((#1464,#1465,#1466,#1467),(#1468,
#1469,#1470,#1471),(#1472,#1473,#1474,#1475),(#1476,#1477,#1478,#1479),
(#1480,#1481,#1482,#1483),(#1484,#1485,#1486,#1487),(#1488,#1489,#1490,
#1491)),.UNSPECIFIED.,.F.,.F.,.F.,(4,1,1,1,4),(4,4),(-25.,-18.75,-12.5,
-6.25,0.),(0.,8.99113999595379),.UNSPECIFIED.);
#77=(
BOUNDED_CURVE()
B_SPLINE_CURVE(1,(#1410,#1411),.UNSPECIFIED.,.F.,.F.)
B_SPLINE_CURVE_WITH_KNOTS((2,2),(-75.9515916326756,-55.9515916326756),
 .UNSPECIFIED.)
CURVE()
GEOMETRIC_REPRESENTATION_ITEM()
RATIONAL_B_SPLINE_CURVE((1.,1.))
REPRESENTATION_ITEM('')
);
#78=(
BOUNDED_CURVE()
B_SPLINE_CURVE(1,(#1412,#1413),.UNSPECIFIED.,.F.,.F.)
B_SPLINE_CURVE_WITH_KNOTS((2,2),(0.,0.0793894572762692),.UNSPECIFIED.)
CURVE()
GEOMETRIC_REPRESENTATION_ITEM()
RATIONAL_B_SPLINE_CURVE((1.,1.))
REPRESENTATION_ITEM('')
);
#79=(
BOUNDED_CURVE()
B_SPLINE_CURVE(1,(#1414,#1415),.UNSPECIFIED.,.F.,.F.)
B_SPLINE_CURVE_WITH_KNOTS((2,2),(-75.9515916326756,-55.9515916326756),
 .UNSPECIFIED.)
CURVE()
GEOMETRIC_REPRESENTATION_ITEM()
RATIONAL_B_SPLINE_CURVE((1.,1.))
REPRESENTATION_ITEM('')
);
#80=(
BOUNDED_CURVE()
B_SPLINE_CURVE(1,(#1416,#1417),.UNSPECIFIED.,.F.,.F.)
B_SPLINE_CURVE_WITH_KNOTS((2,2),(0.,0.0793894572762692),.UNSPECIFIED.)
CURVE()
GEOMETRIC_REPRESENTATION_ITEM()
RATIONAL_B_SPLINE_CURVE((1.,1.))
REPRESENTATION_ITEM('')
);
#81=(
BOUNDED_CURVE()
B_SPLINE_CURVE(1,(#1424,#1425),.UNSPECIFIED.,.F.,.F.)
B_SPLINE_CURVE_WITH_KNOTS((2,2),(-51.9599830204533,-31.9599830204533),
 .UNSPECIFIED.)
CURVE()
GEOMETRIC_REPRESENTATION_ITEM()
RATIONAL_B_SPLINE_CURVE((1.,1.))
REPRESENTATION_ITEM('')
);
#82=(
BOUNDED_CURVE()
B_SPLINE_CURVE(1,(#1426,#1427),.UNSPECIFIED.,.F.,.F.)
B_SPLINE_CURVE_WITH_KNOTS((2,2),(0.,0.0793894572762692),.UNSPECIFIED.)
CURVE()
GEOMETRIC_REPRESENTATION_ITEM()
RATIONAL_B_SPLINE_CURVE((1.,1.))
REPRESENTATION_ITEM('')
);
#83=(
BOUNDED_CURVE()
B_SPLINE_CURVE(1,(#1428,#1429),.UNSPECIFIED.,.F.,.F.)
B_SPLINE_CURVE_WITH_KNOTS((2,2),(-51.9599830204533,-31.9599830204533),
 .UNSPECIFIED.)
CURVE()
GEOMETRIC_REPRESENTATION_ITEM()
RATIONAL_B_SPLINE_CURVE((1.,1.))
REPRESENTATION_ITEM('')
);
#84=(
BOUNDED_CURVE()
B_SPLINE_CURVE(1,(#1910,#1911),.UNSPECIFIED.,.F.,.F.)
B_SPLINE_CURVE_WITH_KNOTS((2,2),(0.,20.),.UNSPECIFIED.)
CURVE()
GEOMETRIC_REPRESENTATION_ITEM()
RATIONAL_B_SPLINE_CURVE((1.,1.))
REPRESENTATION_ITEM('')
);
#85=(
BOUNDED_CURVE()
B_SPLINE_CURVE(1,(#1923,#1924),.UNSPECIFIED.,.F.,.F.)
B_SPLINE_CURVE_WITH_KNOTS((2,2),(0.,20.),.UNSPECIFIED.)
CURVE()
GEOMETRIC_REPRESENTATION_ITEM()
RATIONAL_B_SPLINE_CURVE((1.,1.))
REPRESENTATION_ITEM('')
);
#86=(
BOUNDED_CURVE()
B_SPLINE_CURVE(1,(#1925,#1926),.UNSPECIFIED.,.F.,.F.)
B_SPLINE_CURVE_WITH_KNOTS((2,2),(-20.,0.),.UNSPECIFIED.)
CURVE()
GEOMETRIC_REPRESENTATION_ITEM()
RATIONAL_B_SPLINE_CURVE((1.,1.))
REPRESENTATION_ITEM('')
);
#87=(
BOUNDED_CURVE()
B_SPLINE_CURVE(1,(#1965,#1966),.UNSPECIFIED.,.F.,.F.)
B_SPLINE_CURVE_WITH_KNOTS((2,2),(0.,20.),.UNSPECIFIED.)
CURVE()
GEOMETRIC_REPRESENTATION_ITEM()
RATIONAL_B_SPLINE_CURVE((1.,1.))
REPRESENTATION_ITEM('')
);
#88=MANIFOLD_SOLID_BREP('brep_1',#97);
#89=MANIFOLD_SOLID_BREP('brep_2',#98);
#90=MANIFOLD_SOLID_BREP('brep_3',#99);
#91=MANIFOLD_SOLID_BREP('brep_4',#100);
#92=MANIFOLD_SOLID_BREP('brep_5',#101);
#93=MANIFOLD_SOLID_BREP('brep_6',#102);
#94=MANIFOLD_SOLID_BREP('brep_7',#103);
#95=MANIFOLD_SOLID_BREP('brep_8',#104);
#96=ADVANCED_BREP_SHAPE_REPRESENTATION('brep_rep_0',(#88,#89,#90,#91,#92,
#93,#94,#95,#1237),#1144);
#97=CLOSED_SHELL('',(#105,#106,#107,#108,#109,#110));
#98=CLOSED_SHELL('',(#111,#112,#113,#114,#115,#116));
#99=CLOSED_SHELL('',(#117,#118,#119,#120,#121,#122));
#100=CLOSED_SHELL('',(#123,#124,#125,#126,#127,#128,#129,#130,#131,#132,
#133,#134,#135,#136,#137,#138,#139,#140,#141,#142,#143,#144,#145));
#101=CLOSED_SHELL('',(#146,#147,#148,#149,#150,#151));
#102=CLOSED_SHELL('',(#152,#153,#154,#155,#156,#157));
#103=CLOSED_SHELL('',(#158,#159,#160,#161,#162,#163,#164));
#104=CLOSED_SHELL('',(#165,#166,#167,#168,#169,#170,#171));
#105=ADVANCED_FACE('',(#172),#1005,.T.);
#106=ADVANCED_FACE('',(#173),#1006,.T.);
#107=ADVANCED_FACE('',(#174),#1007,.T.);
#108=ADVANCED_FACE('',(#175),#1008,.T.);
#109=ADVANCED_FACE('',(#176),#1009,.T.);
#110=ADVANCED_FACE('',(#177),#1010,.T.);
#111=ADVANCED_FACE('',(#178),#1011,.T.);
#112=ADVANCED_FACE('',(#179),#1012,.T.);
#113=ADVANCED_FACE('',(#180),#1013,.T.);
#114=ADVANCED_FACE('',(#181),#1014,.T.);
#115=ADVANCED_FACE('',(#182),#1015,.T.);
#116=ADVANCED_FACE('',(#183),#1016,.T.);
#117=ADVANCED_FACE('',(#184),#1017,.T.);
#118=ADVANCED_FACE('',(#185),#75,.T.);
#119=ADVANCED_FACE('',(#186),#1018,.T.);
#120=ADVANCED_FACE('',(#187),#76,.T.);
#121=ADVANCED_FACE('',(#188),#1019,.T.);
#122=ADVANCED_FACE('',(#189),#1020,.T.);
#123=ADVANCED_FACE('',(#190),#1021,.T.);
#124=ADVANCED_FACE('',(#191),#1022,.T.);
#125=ADVANCED_FACE('',(#192,#14),#1023,.T.);
#126=ADVANCED_FACE('',(#193,#15),#1024,.T.);
#127=ADVANCED_FACE('',(#194),#1025,.T.);
#128=ADVANCED_FACE('',(#195),#1026,.T.);
#129=ADVANCED_FACE('',(#196),#64,.F.);
#130=ADVANCED_FACE('',(#197),#1027,.T.);
#131=ADVANCED_FACE('',(#198),#1028,.T.);
#132=ADVANCED_FACE('',(#199),#65,.F.);
#133=ADVANCED_FACE('',(#200),#1029,.T.);
#134=ADVANCED_FACE('',(#201),#1030,.T.);
#135=ADVANCED_FACE('',(#202),#1031,.T.);
#136=ADVANCED_FACE('',(#203),#1032,.T.);
#137=ADVANCED_FACE('',(#204),#1033,.T.);
#138=ADVANCED_FACE('',(#205),#1034,.T.);
#139=ADVANCED_FACE('',(#206),#1035,.T.);
#140=ADVANCED_FACE('',(#207),#1036,.T.);
#141=ADVANCED_FACE('',(#208),#1037,.T.);
#142=ADVANCED_FACE('',(#209),#1038,.T.);
#143=ADVANCED_FACE('',(#210),#1039,.T.);
#144=ADVANCED_FACE('',(#211),#1040,.T.);
#145=ADVANCED_FACE('',(#212),#66,.F.);
#146=ADVANCED_FACE('',(#213),#1041,.T.);
#147=ADVANCED_FACE('',(#214),#1042,.T.);
#148=ADVANCED_FACE('',(#215),#1043,.T.);
#149=ADVANCED_FACE('',(#216),#1044,.T.);
#150=ADVANCED_FACE('',(#217),#1045,.T.);
#151=ADVANCED_FACE('',(#218),#1046,.T.);
#152=ADVANCED_FACE('',(#219),#1047,.T.);
#153=ADVANCED_FACE('',(#220),#1048,.T.);
#154=ADVANCED_FACE('',(#221),#1049,.T.);
#155=ADVANCED_FACE('',(#222),#1050,.T.);
#156=ADVANCED_FACE('',(#223),#1051,.T.);
#157=ADVANCED_FACE('',(#224),#1052,.T.);
#158=ADVANCED_FACE('',(#225),#67,.T.);
#159=ADVANCED_FACE('',(#226,#16),#1053,.T.);
#160=ADVANCED_FACE('',(#227,#17),#1054,.T.);
#161=ADVANCED_FACE('',(#228),#68,.F.);
#162=ADVANCED_FACE('',(#229),#69,.T.);
#163=ADVANCED_FACE('',(#230),#1055,.T.);
#164=ADVANCED_FACE('',(#231),#70,.F.);
#165=ADVANCED_FACE('',(#232),#71,.T.);
#166=ADVANCED_FACE('',(#233,#18),#1056,.T.);
#167=ADVANCED_FACE('',(#234,#19),#1057,.T.);
#168=ADVANCED_FACE('',(#235),#72,.F.);
#169=ADVANCED_FACE('',(#236),#73,.T.);
#170=ADVANCED_FACE('',(#237),#1058,.T.);
#171=ADVANCED_FACE('',(#238),#74,.F.);
#172=FACE_OUTER_BOUND('',#239,.T.);
#173=FACE_OUTER_BOUND('',#240,.T.);
#174=FACE_OUTER_BOUND('',#241,.T.);
#175=FACE_OUTER_BOUND('',#242,.T.);
#176=FACE_OUTER_BOUND('',#243,.T.);
#177=FACE_OUTER_BOUND('',#244,.T.);
#178=FACE_OUTER_BOUND('',#245,.T.);
#179=FACE_OUTER_BOUND('',#246,.T.);
#180=FACE_OUTER_BOUND('',#247,.T.);
#181=FACE_OUTER_BOUND('',#248,.T.);
#182=FACE_OUTER_BOUND('',#249,.T.);
#183=FACE_OUTER_BOUND('',#250,.T.);
#184=FACE_OUTER_BOUND('',#251,.T.);
#185=FACE_OUTER_BOUND('',#252,.T.);
#186=FACE_OUTER_BOUND('',#253,.T.);
#187=FACE_OUTER_BOUND('',#254,.T.);
#188=FACE_OUTER_BOUND('',#255,.T.);
#189=FACE_OUTER_BOUND('',#256,.T.);
#190=FACE_OUTER_BOUND('',#257,.T.);
#191=FACE_OUTER_BOUND('',#258,.T.);
#192=FACE_OUTER_BOUND('',#259,.T.);
#193=FACE_OUTER_BOUND('',#261,.T.);
#194=FACE_OUTER_BOUND('',#263,.T.);
#195=FACE_OUTER_BOUND('',#264,.T.);
#196=FACE_OUTER_BOUND('',#265,.T.);
#197=FACE_OUTER_BOUND('',#266,.T.);
#198=FACE_OUTER_BOUND('',#267,.T.);
#199=FACE_OUTER_BOUND('',#268,.T.);
#200=FACE_OUTER_BOUND('',#269,.T.);
#201=FACE_OUTER_BOUND('',#270,.T.);
#202=FACE_OUTER_BOUND('',#271,.T.);
#203=FACE_OUTER_BOUND('',#272,.T.);
#204=FACE_OUTER_BOUND('',#273,.T.);
#205=FACE_OUTER_BOUND('',#274,.T.);
#206=FACE_OUTER_BOUND('',#275,.T.);
#207=FACE_OUTER_BOUND('',#276,.T.);
#208=FACE_OUTER_BOUND('',#277,.T.);
#209=FACE_OUTER_BOUND('',#278,.T.);
#210=FACE_OUTER_BOUND('',#279,.T.);
#211=FACE_OUTER_BOUND('',#280,.T.);
#212=FACE_OUTER_BOUND('',#281,.T.);
#213=FACE_OUTER_BOUND('',#282,.T.);
#214=FACE_OUTER_BOUND('',#283,.T.);
#215=FACE_OUTER_BOUND('',#284,.T.);
#216=FACE_OUTER_BOUND('',#285,.T.);
#217=FACE_OUTER_BOUND('',#286,.T.);
#218=FACE_OUTER_BOUND('',#287,.T.);
#219=FACE_OUTER_BOUND('',#288,.T.);
#220=FACE_OUTER_BOUND('',#289,.T.);
#221=FACE_OUTER_BOUND('',#290,.T.);
#222=FACE_OUTER_BOUND('',#291,.T.);
#223=FACE_OUTER_BOUND('',#292,.T.);
#224=FACE_OUTER_BOUND('',#293,.T.);
#225=FACE_OUTER_BOUND('',#294,.T.);
#226=FACE_OUTER_BOUND('',#295,.T.);
#227=FACE_OUTER_BOUND('',#297,.T.);
#228=FACE_OUTER_BOUND('',#299,.T.);
#229=FACE_OUTER_BOUND('',#300,.T.);
#230=FACE_OUTER_BOUND('',#301,.T.);
#231=FACE_OUTER_BOUND('',#302,.T.);
#232=FACE_OUTER_BOUND('',#303,.T.);
#233=FACE_OUTER_BOUND('',#304,.T.);
#234=FACE_OUTER_BOUND('',#306,.T.);
#235=FACE_OUTER_BOUND('',#308,.T.);
#236=FACE_OUTER_BOUND('',#309,.T.);
#237=FACE_OUTER_BOUND('',#310,.T.);
#238=FACE_OUTER_BOUND('',#311,.T.);
#239=EDGE_LOOP('',(#312,#313,#314,#315));
#240=EDGE_LOOP('',(#316,#317,#318,#319));
#241=EDGE_LOOP('',(#320,#321,#322,#323));
#242=EDGE_LOOP('',(#324,#325,#326,#327));
#243=EDGE_LOOP('',(#328,#329,#330,#331));
#244=EDGE_LOOP('',(#332,#333,#334,#335));
#245=EDGE_LOOP('',(#336,#337,#338,#339));
#246=EDGE_LOOP('',(#340,#341,#342,#343));
#247=EDGE_LOOP('',(#344,#345,#346,#347));
#248=EDGE_LOOP('',(#348,#349,#350,#351));
#249=EDGE_LOOP('',(#352,#353,#354,#355));
#250=EDGE_LOOP('',(#356,#357,#358,#359));
#251=EDGE_LOOP('',(#360,#361,#362,#363));
#252=EDGE_LOOP('',(#364,#365,#366,#367));
#253=EDGE_LOOP('',(#368,#369,#370,#371));
#254=EDGE_LOOP('',(#372,#373,#374,#375));
#255=EDGE_LOOP('',(#376,#377,#378,#379));
#256=EDGE_LOOP('',(#380,#381,#382,#383));
#257=EDGE_LOOP('',(#384,#385,#386,#387));
#258=EDGE_LOOP('',(#388,#389,#390,#391));
#259=EDGE_LOOP('',(#392,#393,#394,#395,#396,#397));
#260=EDGE_LOOP('',(#398,#399,#400,#401));
#261=EDGE_LOOP('',(#402,#403,#404,#405));
#262=EDGE_LOOP('',(#406,#407,#408,#409));
#263=EDGE_LOOP('',(#410,#411,#412,#413,#414,#415,#416,#417,#418));
#264=EDGE_LOOP('',(#419,#420,#421,#422,#423,#424,#425,#426,#427));
#265=EDGE_LOOP('',(#428,#429,#430,#431));
#266=EDGE_LOOP('',(#432,#433,#434,#435));
#267=EDGE_LOOP('',(#436,#437,#438,#439));
#268=EDGE_LOOP('',(#440,#441,#442,#443,#444,#445));
#269=EDGE_LOOP('',(#446,#447,#448,#449));
#270=EDGE_LOOP('',(#450,#451,#452,#453,#454,#455,#456,#457));
#271=EDGE_LOOP('',(#458,#459,#460,#461));
#272=EDGE_LOOP('',(#462,#463,#464,#465));
#273=EDGE_LOOP('',(#466,#467,#468,#469));
#274=EDGE_LOOP('',(#470,#471,#472,#473,#474,#475,#476,#477));
#275=EDGE_LOOP('',(#478,#479,#480,#481));
#276=EDGE_LOOP('',(#482,#483,#484,#485,#486));
#277=EDGE_LOOP('',(#487,#488,#489,#490,#491));
#278=EDGE_LOOP('',(#492,#493,#494,#495));
#279=EDGE_LOOP('',(#496,#497,#498,#499));
#280=EDGE_LOOP('',(#500,#501,#502,#503));
#281=EDGE_LOOP('',(#504,#505,#506,#507,#508,#509));
#282=EDGE_LOOP('',(#510,#511,#512,#513));
#283=EDGE_LOOP('',(#514,#515,#516,#517));
#284=EDGE_LOOP('',(#518,#519,#520,#521));
#285=EDGE_LOOP('',(#522,#523,#524,#525));
#286=EDGE_LOOP('',(#526,#527,#528,#529));
#287=EDGE_LOOP('',(#530,#531,#532,#533));
#288=EDGE_LOOP('',(#534,#535,#536,#537));
#289=EDGE_LOOP('',(#538,#539,#540,#541));
#290=EDGE_LOOP('',(#542,#543,#544,#545));
#291=EDGE_LOOP('',(#546,#547,#548,#549));
#292=EDGE_LOOP('',(#550,#551,#552,#553));
#293=EDGE_LOOP('',(#554,#555,#556,#557));
#294=EDGE_LOOP('',(#558,#559,#560,#561));
#295=EDGE_LOOP('',(#562,#563,#564));
#296=EDGE_LOOP('',(#565,#566));
#297=EDGE_LOOP('',(#567,#568,#569));
#298=EDGE_LOOP('',(#570,#571));
#299=EDGE_LOOP('',(#572,#573,#574,#575));
#300=EDGE_LOOP('',(#576,#577,#578,#579));
#301=EDGE_LOOP('',(#580,#581,#582,#583));
#302=EDGE_LOOP('',(#584,#585,#586,#587));
#303=EDGE_LOOP('',(#588,#589,#590,#591));
#304=EDGE_LOOP('',(#592,#593,#594));
#305=EDGE_LOOP('',(#595,#596));
#306=EDGE_LOOP('',(#597,#598,#599));
#307=EDGE_LOOP('',(#600,#601));
#308=EDGE_LOOP('',(#602,#603,#604,#605));
#309=EDGE_LOOP('',(#606,#607,#608,#609));
#310=EDGE_LOOP('',(#610,#611,#612,#613));
#311=EDGE_LOOP('',(#614,#615,#616,#617));
#312=ORIENTED_EDGE('',*,*,#618,.T.);
#313=ORIENTED_EDGE('',*,*,#619,.T.);
#314=ORIENTED_EDGE('',*,*,#620,.F.);
#315=ORIENTED_EDGE('',*,*,#621,.F.);
#316=ORIENTED_EDGE('',*,*,#622,.T.);
#317=ORIENTED_EDGE('',*,*,#623,.T.);
#318=ORIENTED_EDGE('',*,*,#624,.F.);
#319=ORIENTED_EDGE('',*,*,#619,.F.);
#320=ORIENTED_EDGE('',*,*,#625,.T.);
#321=ORIENTED_EDGE('',*,*,#626,.T.);
#322=ORIENTED_EDGE('',*,*,#627,.F.);
#323=ORIENTED_EDGE('',*,*,#623,.F.);
#324=ORIENTED_EDGE('',*,*,#628,.T.);
#325=ORIENTED_EDGE('',*,*,#621,.T.);
#326=ORIENTED_EDGE('',*,*,#629,.F.);
#327=ORIENTED_EDGE('',*,*,#626,.F.);
#328=ORIENTED_EDGE('',*,*,#628,.F.);
#329=ORIENTED_EDGE('',*,*,#625,.F.);
#330=ORIENTED_EDGE('',*,*,#622,.F.);
#331=ORIENTED_EDGE('',*,*,#618,.F.);
#332=ORIENTED_EDGE('',*,*,#620,.T.);
#333=ORIENTED_EDGE('',*,*,#624,.T.);
#334=ORIENTED_EDGE('',*,*,#627,.T.);
#335=ORIENTED_EDGE('',*,*,#629,.T.);
#336=ORIENTED_EDGE('',*,*,#630,.T.);
#337=ORIENTED_EDGE('',*,*,#631,.T.);
#338=ORIENTED_EDGE('',*,*,#632,.F.);
#339=ORIENTED_EDGE('',*,*,#633,.F.);
#340=ORIENTED_EDGE('',*,*,#634,.T.);
#341=ORIENTED_EDGE('',*,*,#635,.T.);
#342=ORIENTED_EDGE('',*,*,#636,.F.);
#343=ORIENTED_EDGE('',*,*,#631,.F.);
#344=ORIENTED_EDGE('',*,*,#637,.T.);
#345=ORIENTED_EDGE('',*,*,#638,.T.);
#346=ORIENTED_EDGE('',*,*,#639,.F.);
#347=ORIENTED_EDGE('',*,*,#635,.F.);
#348=ORIENTED_EDGE('',*,*,#640,.T.);
#349=ORIENTED_EDGE('',*,*,#633,.T.);
#350=ORIENTED_EDGE('',*,*,#641,.F.);
#351=ORIENTED_EDGE('',*,*,#638,.F.);
#352=ORIENTED_EDGE('',*,*,#640,.F.);
#353=ORIENTED_EDGE('',*,*,#637,.F.);
#354=ORIENTED_EDGE('',*,*,#634,.F.);
#355=ORIENTED_EDGE('',*,*,#630,.F.);
#356=ORIENTED_EDGE('',*,*,#632,.T.);
#357=ORIENTED_EDGE('',*,*,#636,.T.);
#358=ORIENTED_EDGE('',*,*,#639,.T.);
#359=ORIENTED_EDGE('',*,*,#641,.T.);
#360=ORIENTED_EDGE('',*,*,#642,.T.);
#361=ORIENTED_EDGE('',*,*,#643,.T.);
#362=ORIENTED_EDGE('',*,*,#644,.F.);
#363=ORIENTED_EDGE('',*,*,#645,.F.);
#364=ORIENTED_EDGE('',*,*,#646,.T.);
#365=ORIENTED_EDGE('',*,*,#647,.T.);
#366=ORIENTED_EDGE('',*,*,#648,.F.);
#367=ORIENTED_EDGE('',*,*,#643,.F.);
#368=ORIENTED_EDGE('',*,*,#649,.T.);
#369=ORIENTED_EDGE('',*,*,#650,.T.);
#370=ORIENTED_EDGE('',*,*,#651,.F.);
#371=ORIENTED_EDGE('',*,*,#647,.F.);
#372=ORIENTED_EDGE('',*,*,#652,.T.);
#373=ORIENTED_EDGE('',*,*,#645,.T.);
#374=ORIENTED_EDGE('',*,*,#653,.F.);
#375=ORIENTED_EDGE('',*,*,#650,.F.);
#376=ORIENTED_EDGE('',*,*,#652,.F.);
#377=ORIENTED_EDGE('',*,*,#649,.F.);
#378=ORIENTED_EDGE('',*,*,#646,.F.);
#379=ORIENTED_EDGE('',*,*,#642,.F.);
#380=ORIENTED_EDGE('',*,*,#644,.T.);
#381=ORIENTED_EDGE('',*,*,#648,.T.);
#382=ORIENTED_EDGE('',*,*,#651,.T.);
#383=ORIENTED_EDGE('',*,*,#653,.T.);
#384=ORIENTED_EDGE('',*,*,#654,.T.);
#385=ORIENTED_EDGE('',*,*,#655,.T.);
#386=ORIENTED_EDGE('',*,*,#656,.F.);
#387=ORIENTED_EDGE('',*,*,#657,.F.);
#388=ORIENTED_EDGE('',*,*,#669,.T.);
#389=ORIENTED_EDGE('',*,*,#660,.F.);
#390=ORIENTED_EDGE('',*,*,#655,.F.);
#391=ORIENTED_EDGE('',*,*,#658,.T.);
#392=ORIENTED_EDGE('',*,*,#708,.T.);
#393=ORIENTED_EDGE('',*,*,#659,.F.);
#394=ORIENTED_EDGE('',*,*,#661,.T.);
#395=ORIENTED_EDGE('',*,*,#662,.T.);
#396=ORIENTED_EDGE('',*,*,#663,.F.);
#397=ORIENTED_EDGE('',*,*,#714,.F.);
#398=ORIENTED_EDGE('',*,*,#694,.T.);
#399=ORIENTED_EDGE('',*,*,#693,.T.);
#400=ORIENTED_EDGE('',*,*,#696,.T.);
#401=ORIENTED_EDGE('',*,*,#695,.T.);
#402=ORIENTED_EDGE('',*,*,#664,.T.);
#403=ORIENTED_EDGE('',*,*,#657,.T.);
#404=ORIENTED_EDGE('',*,*,#665,.F.);
#405=ORIENTED_EDGE('',*,*,#662,.F.);
#406=ORIENTED_EDGE('',*,*,#688,.T.);
#407=ORIENTED_EDGE('',*,*,#691,.T.);
#408=ORIENTED_EDGE('',*,*,#690,.T.);
#409=ORIENTED_EDGE('',*,*,#689,.T.);
#410=ORIENTED_EDGE('',*,*,#658,.F.);
#411=ORIENTED_EDGE('',*,*,#654,.F.);
#412=ORIENTED_EDGE('',*,*,#664,.F.);
#413=ORIENTED_EDGE('',*,*,#661,.F.);
#414=ORIENTED_EDGE('',*,*,#677,.F.);
#415=ORIENTED_EDGE('',*,*,#672,.F.);
#416=ORIENTED_EDGE('',*,*,#666,.F.);
#417=ORIENTED_EDGE('',*,*,#679,.F.);
#418=ORIENTED_EDGE('',*,*,#671,.F.);
#419=ORIENTED_EDGE('',*,*,#673,.T.);
#420=ORIENTED_EDGE('',*,*,#680,.T.);
#421=ORIENTED_EDGE('',*,*,#667,.T.);
#422=ORIENTED_EDGE('',*,*,#674,.T.);
#423=ORIENTED_EDGE('',*,*,#678,.T.);
#424=ORIENTED_EDGE('',*,*,#663,.T.);
#425=ORIENTED_EDGE('',*,*,#665,.T.);
#426=ORIENTED_EDGE('',*,*,#656,.T.);
#427=ORIENTED_EDGE('',*,*,#660,.T.);
#428=ORIENTED_EDGE('',*,*,#679,.T.);
#429=ORIENTED_EDGE('',*,*,#668,.T.);
#430=ORIENTED_EDGE('',*,*,#680,.F.);
#431=ORIENTED_EDGE('',*,*,#675,.F.);
#432=ORIENTED_EDGE('',*,*,#671,.T.);
#433=ORIENTED_EDGE('',*,*,#675,.T.);
#434=ORIENTED_EDGE('',*,*,#673,.F.);
#435=ORIENTED_EDGE('',*,*,#669,.F.);
#436=ORIENTED_EDGE('',*,*,#710,.T.);
#437=ORIENTED_EDGE('',*,*,#715,.T.);
#438=ORIENTED_EDGE('',*,*,#677,.T.);
#439=ORIENTED_EDGE('',*,*,#659,.T.);
#440=ORIENTED_EDGE('',*,*,#676,.F.);
#441=ORIENTED_EDGE('',*,*,#667,.F.);
#442=ORIENTED_EDGE('',*,*,#668,.F.);
#443=ORIENTED_EDGE('',*,*,#666,.T.);
#444=ORIENTED_EDGE('',*,*,#716,.F.);
#445=ORIENTED_EDGE('',*,*,#711,.F.);
#446=ORIENTED_EDGE('',*,*,#716,.T.);
#447=ORIENTED_EDGE('',*,*,#672,.T.);
#448=ORIENTED_EDGE('',*,*,#715,.F.);
#449=ORIENTED_EDGE('',*,*,#713,.F.);
#450=ORIENTED_EDGE('',*,*,#698,.F.);
#451=ORIENTED_EDGE('',*,*,#699,.F.);
#452=ORIENTED_EDGE('',*,*,#681,.F.);
#453=ORIENTED_EDGE('',*,*,#692,.F.);
#454=ORIENTED_EDGE('',*,*,#688,.F.);
#455=ORIENTED_EDGE('',*,*,#682,.F.);
#456=ORIENTED_EDGE('',*,*,#703,.F.);
#457=ORIENTED_EDGE('',*,*,#697,.F.);
#458=ORIENTED_EDGE('',*,*,#684,.F.);
#459=ORIENTED_EDGE('',*,*,#683,.F.);
#460=ORIENTED_EDGE('',*,*,#682,.T.);
#461=ORIENTED_EDGE('',*,*,#689,.F.);
#462=ORIENTED_EDGE('',*,*,#686,.F.);
#463=ORIENTED_EDGE('',*,*,#685,.F.);
#464=ORIENTED_EDGE('',*,*,#684,.T.);
#465=ORIENTED_EDGE('',*,*,#690,.F.);
#466=ORIENTED_EDGE('',*,*,#692,.T.);
#467=ORIENTED_EDGE('',*,*,#687,.F.);
#468=ORIENTED_EDGE('',*,*,#686,.T.);
#469=ORIENTED_EDGE('',*,*,#691,.F.);
#470=ORIENTED_EDGE('',*,*,#700,.T.);
#471=ORIENTED_EDGE('',*,*,#701,.T.);
#472=ORIENTED_EDGE('',*,*,#703,.T.);
#473=ORIENTED_EDGE('',*,*,#683,.T.);
#474=ORIENTED_EDGE('',*,*,#685,.T.);
#475=ORIENTED_EDGE('',*,*,#687,.T.);
#476=ORIENTED_EDGE('',*,*,#681,.T.);
#477=ORIENTED_EDGE('',*,*,#702,.T.);
#478=ORIENTED_EDGE('',*,*,#704,.F.);
#479=ORIENTED_EDGE('',*,*,#693,.F.);
#480=ORIENTED_EDGE('',*,*,#705,.F.);
#481=ORIENTED_EDGE('',*,*,#700,.F.);
#482=ORIENTED_EDGE('',*,*,#704,.T.);
#483=ORIENTED_EDGE('',*,*,#702,.F.);
#484=ORIENTED_EDGE('',*,*,#699,.T.);
#485=ORIENTED_EDGE('',*,*,#707,.T.);
#486=ORIENTED_EDGE('',*,*,#696,.F.);
#487=ORIENTED_EDGE('',*,*,#706,.F.);
#488=ORIENTED_EDGE('',*,*,#697,.T.);
#489=ORIENTED_EDGE('',*,*,#701,.F.);
#490=ORIENTED_EDGE('',*,*,#705,.T.);
#491=ORIENTED_EDGE('',*,*,#694,.F.);
#492=ORIENTED_EDGE('',*,*,#698,.T.);
#493=ORIENTED_EDGE('',*,*,#706,.T.);
#494=ORIENTED_EDGE('',*,*,#695,.F.);
#495=ORIENTED_EDGE('',*,*,#707,.F.);
#496=ORIENTED_EDGE('',*,*,#709,.T.);
#497=ORIENTED_EDGE('',*,*,#714,.T.);
#498=ORIENTED_EDGE('',*,*,#678,.F.);
#499=ORIENTED_EDGE('',*,*,#670,.T.);
#500=ORIENTED_EDGE('',*,*,#670,.F.);
#501=ORIENTED_EDGE('',*,*,#674,.F.);
#502=ORIENTED_EDGE('',*,*,#676,.T.);
#503=ORIENTED_EDGE('',*,*,#712,.F.);
#504=ORIENTED_EDGE('',*,*,#713,.T.);
#505=ORIENTED_EDGE('',*,*,#710,.F.);
#506=ORIENTED_EDGE('',*,*,#708,.F.);
#507=ORIENTED_EDGE('',*,*,#709,.F.);
#508=ORIENTED_EDGE('',*,*,#712,.T.);
#509=ORIENTED_EDGE('',*,*,#711,.T.);
#510=ORIENTED_EDGE('',*,*,#720,.T.);
#511=ORIENTED_EDGE('',*,*,#719,.T.);
#512=ORIENTED_EDGE('',*,*,#718,.F.);
#513=ORIENTED_EDGE('',*,*,#717,.F.);
#514=ORIENTED_EDGE('',*,*,#718,.T.);
#515=ORIENTED_EDGE('',*,*,#723,.T.);
#516=ORIENTED_EDGE('',*,*,#722,.F.);
#517=ORIENTED_EDGE('',*,*,#721,.F.);
#518=ORIENTED_EDGE('',*,*,#722,.T.);
#519=ORIENTED_EDGE('',*,*,#726,.T.);
#520=ORIENTED_EDGE('',*,*,#725,.F.);
#521=ORIENTED_EDGE('',*,*,#724,.F.);
#522=ORIENTED_EDGE('',*,*,#725,.T.);
#523=ORIENTED_EDGE('',*,*,#728,.T.);
#524=ORIENTED_EDGE('',*,*,#720,.F.);
#525=ORIENTED_EDGE('',*,*,#727,.F.);
#526=ORIENTED_EDGE('',*,*,#717,.T.);
#527=ORIENTED_EDGE('',*,*,#721,.T.);
#528=ORIENTED_EDGE('',*,*,#724,.T.);
#529=ORIENTED_EDGE('',*,*,#727,.T.);
#530=ORIENTED_EDGE('',*,*,#728,.F.);
#531=ORIENTED_EDGE('',*,*,#726,.F.);
#532=ORIENTED_EDGE('',*,*,#723,.F.);
#533=ORIENTED_EDGE('',*,*,#719,.F.);
#534=ORIENTED_EDGE('',*,*,#729,.T.);
#535=ORIENTED_EDGE('',*,*,#730,.T.);
#536=ORIENTED_EDGE('',*,*,#731,.F.);
#537=ORIENTED_EDGE('',*,*,#732,.F.);
#538=ORIENTED_EDGE('',*,*,#733,.T.);
#539=ORIENTED_EDGE('',*,*,#734,.T.);
#540=ORIENTED_EDGE('',*,*,#735,.F.);
#541=ORIENTED_EDGE('',*,*,#730,.F.);
#542=ORIENTED_EDGE('',*,*,#736,.T.);
#543=ORIENTED_EDGE('',*,*,#737,.T.);
#544=ORIENTED_EDGE('',*,*,#738,.F.);
#545=ORIENTED_EDGE('',*,*,#734,.F.);
#546=ORIENTED_EDGE('',*,*,#739,.T.);
#547=ORIENTED_EDGE('',*,*,#732,.T.);
#548=ORIENTED_EDGE('',*,*,#740,.F.);
#549=ORIENTED_EDGE('',*,*,#737,.F.);
#550=ORIENTED_EDGE('',*,*,#739,.F.);
#551=ORIENTED_EDGE('',*,*,#736,.F.);
#552=ORIENTED_EDGE('',*,*,#733,.F.);
#553=ORIENTED_EDGE('',*,*,#729,.F.);
#554=ORIENTED_EDGE('',*,*,#731,.T.);
#555=ORIENTED_EDGE('',*,*,#735,.T.);
#556=ORIENTED_EDGE('',*,*,#738,.T.);
#557=ORIENTED_EDGE('',*,*,#740,.T.);
#558=ORIENTED_EDGE('',*,*,#747,.T.);
#559=ORIENTED_EDGE('',*,*,#743,.F.);
#560=ORIENTED_EDGE('',*,*,#742,.F.);
#561=ORIENTED_EDGE('',*,*,#741,.T.);
#562=ORIENTED_EDGE('',*,*,#741,.F.);
#563=ORIENTED_EDGE('',*,*,#751,.F.);
#564=ORIENTED_EDGE('',*,*,#749,.F.);
#565=ORIENTED_EDGE('',*,*,#754,.F.);
#566=ORIENTED_EDGE('',*,*,#744,.F.);
#567=ORIENTED_EDGE('',*,*,#750,.T.);
#568=ORIENTED_EDGE('',*,*,#752,.T.);
#569=ORIENTED_EDGE('',*,*,#743,.T.);
#570=ORIENTED_EDGE('',*,*,#745,.T.);
#571=ORIENTED_EDGE('',*,*,#755,.T.);
#572=ORIENTED_EDGE('',*,*,#754,.T.);
#573=ORIENTED_EDGE('',*,*,#746,.T.);
#574=ORIENTED_EDGE('',*,*,#755,.F.);
#575=ORIENTED_EDGE('',*,*,#753,.F.);
#576=ORIENTED_EDGE('',*,*,#748,.T.);
#577=ORIENTED_EDGE('',*,*,#751,.T.);
#578=ORIENTED_EDGE('',*,*,#742,.T.);
#579=ORIENTED_EDGE('',*,*,#752,.F.);
#580=ORIENTED_EDGE('',*,*,#749,.T.);
#581=ORIENTED_EDGE('',*,*,#748,.F.);
#582=ORIENTED_EDGE('',*,*,#750,.F.);
#583=ORIENTED_EDGE('',*,*,#747,.F.);
#584=ORIENTED_EDGE('',*,*,#753,.T.);
#585=ORIENTED_EDGE('',*,*,#745,.F.);
#586=ORIENTED_EDGE('',*,*,#746,.F.);
#587=ORIENTED_EDGE('',*,*,#744,.T.);
#588=ORIENTED_EDGE('',*,*,#762,.T.);
#589=ORIENTED_EDGE('',*,*,#758,.F.);
#590=ORIENTED_EDGE('',*,*,#757,.F.);
#591=ORIENTED_EDGE('',*,*,#756,.T.);
#592=ORIENTED_EDGE('',*,*,#756,.F.);
#593=ORIENTED_EDGE('',*,*,#766,.F.);
#594=ORIENTED_EDGE('',*,*,#764,.F.);
#595=ORIENTED_EDGE('',*,*,#769,.F.);
#596=ORIENTED_EDGE('',*,*,#759,.F.);
#597=ORIENTED_EDGE('',*,*,#765,.T.);
#598=ORIENTED_EDGE('',*,*,#767,.T.);
#599=ORIENTED_EDGE('',*,*,#758,.T.);
#600=ORIENTED_EDGE('',*,*,#760,.T.);
#601=ORIENTED_EDGE('',*,*,#770,.T.);
#602=ORIENTED_EDGE('',*,*,#769,.T.);
#603=ORIENTED_EDGE('',*,*,#761,.T.);
#604=ORIENTED_EDGE('',*,*,#770,.F.);
#605=ORIENTED_EDGE('',*,*,#768,.F.);
#606=ORIENTED_EDGE('',*,*,#763,.T.);
#607=ORIENTED_EDGE('',*,*,#766,.T.);
#608=ORIENTED_EDGE('',*,*,#757,.T.);
#609=ORIENTED_EDGE('',*,*,#767,.F.);
#610=ORIENTED_EDGE('',*,*,#764,.T.);
#611=ORIENTED_EDGE('',*,*,#763,.F.);
#612=ORIENTED_EDGE('',*,*,#765,.F.);
#613=ORIENTED_EDGE('',*,*,#762,.F.);
#614=ORIENTED_EDGE('',*,*,#768,.T.);
#615=ORIENTED_EDGE('',*,*,#760,.F.);
#616=ORIENTED_EDGE('',*,*,#761,.F.);
#617=ORIENTED_EDGE('',*,*,#759,.T.);
#618=EDGE_CURVE('',#903,#904,#771,.T.);
#619=EDGE_CURVE('',#904,#905,#772,.T.);
#620=EDGE_CURVE('',#906,#905,#773,.T.);
#621=EDGE_CURVE('',#903,#906,#774,.T.);
#622=EDGE_CURVE('',#904,#907,#775,.T.);
#623=EDGE_CURVE('',#907,#908,#776,.T.);
#624=EDGE_CURVE('',#905,#908,#777,.T.);
#625=EDGE_CURVE('',#907,#909,#778,.T.);
#626=EDGE_CURVE('',#909,#910,#779,.T.);
#627=EDGE_CURVE('',#908,#910,#780,.T.);
#628=EDGE_CURVE('',#909,#903,#781,.T.);
#629=EDGE_CURVE('',#910,#906,#782,.T.);
#630=EDGE_CURVE('',#911,#912,#77,.T.);
#631=EDGE_CURVE('',#912,#913,#78,.T.);
#632=EDGE_CURVE('',#914,#913,#79,.T.);
#633=EDGE_CURVE('',#911,#914,#80,.T.);
#634=EDGE_CURVE('',#912,#915,#783,.T.);
#635=EDGE_CURVE('',#915,#916,#784,.T.);
#636=EDGE_CURVE('',#913,#916,#785,.T.);
#637=EDGE_CURVE('',#915,#917,#81,.T.);
#638=EDGE_CURVE('',#917,#918,#82,.T.);
#639=EDGE_CURVE('',#916,#918,#83,.T.);
#640=EDGE_CURVE('',#917,#911,#786,.T.);
#641=EDGE_CURVE('',#918,#914,#787,.T.);
#642=EDGE_CURVE('',#919,#920,#788,.T.);
#643=EDGE_CURVE('',#920,#921,#789,.T.);
#644=EDGE_CURVE('',#922,#921,#790,.T.);
#645=EDGE_CURVE('',#919,#922,#791,.T.);
#646=EDGE_CURVE('',#920,#923,#792,.T.);
#647=EDGE_CURVE('',#923,#924,#793,.T.);
#648=EDGE_CURVE('',#921,#924,#794,.T.);
#649=EDGE_CURVE('',#923,#925,#795,.T.);
#650=EDGE_CURVE('',#925,#926,#796,.T.);
#651=EDGE_CURVE('',#924,#926,#797,.T.);
#652=EDGE_CURVE('',#925,#919,#798,.T.);
#653=EDGE_CURVE('',#926,#922,#799,.T.);
#654=EDGE_CURVE('',#927,#928,#800,.T.);
#655=EDGE_CURVE('',#928,#929,#801,.T.);
#656=EDGE_CURVE('',#930,#929,#802,.T.);
#657=EDGE_CURVE('',#927,#930,#803,.T.);
#658=EDGE_CURVE('',#928,#937,#804,.T.);
#659=EDGE_CURVE('',#931,#963,#805,.T.);
#660=EDGE_CURVE('',#929,#939,#806,.T.);
#661=EDGE_CURVE('',#931,#933,#807,.T.);
#662=EDGE_CURVE('',#933,#934,#808,.T.);
#663=EDGE_CURVE('',#932,#934,#809,.T.);
#664=EDGE_CURVE('',#933,#927,#810,.T.);
#665=EDGE_CURVE('',#934,#930,#811,.T.);
#666=EDGE_CURVE('',#935,#941,#20,.T.);
#667=EDGE_CURVE('',#936,#944,#21,.T.);
#668=EDGE_CURVE('',#935,#936,#812,.T.);
#669=EDGE_CURVE('',#937,#939,#813,.T.);
#670=EDGE_CURVE('',#940,#965,#814,.T.);
#671=EDGE_CURVE('',#937,#942,#815,.T.);
#672=EDGE_CURVE('',#941,#938,#816,.T.);
#673=EDGE_CURVE('',#939,#943,#817,.T.);
#674=EDGE_CURVE('',#944,#940,#818,.T.);
#675=EDGE_CURVE('',#942,#943,#819,.T.);
#676=EDGE_CURVE('',#944,#967,#820,.T.);
#677=EDGE_CURVE('',#938,#931,#821,.T.);
#678=EDGE_CURVE('',#940,#932,#822,.T.);
#679=EDGE_CURVE('',#942,#935,#22,.T.);
#680=EDGE_CURVE('',#943,#936,#23,.T.);
#681=EDGE_CURVE('',#945,#960,#823,.T.);
#682=EDGE_CURVE('',#946,#949,#824,.T.);
#683=EDGE_CURVE('',#946,#947,#825,.T.);
#684=EDGE_CURVE('',#947,#951,#826,.T.);
#685=EDGE_CURVE('',#947,#948,#827,.T.);
#686=EDGE_CURVE('',#948,#952,#828,.T.);
#687=EDGE_CURVE('',#948,#945,#829,.T.);
#688=EDGE_CURVE('',#949,#950,#830,.T.);
#689=EDGE_CURVE('',#951,#949,#831,.T.);
#690=EDGE_CURVE('',#952,#951,#832,.T.);
#691=EDGE_CURVE('',#950,#952,#833,.T.);
#692=EDGE_CURVE('',#950,#945,#834,.T.);
#693=EDGE_CURVE('',#953,#954,#835,.T.);
#694=EDGE_CURVE('',#955,#953,#836,.T.);
#695=EDGE_CURVE('',#956,#955,#837,.T.);
#696=EDGE_CURVE('',#954,#956,#838,.T.);
#697=EDGE_CURVE('',#957,#958,#839,.T.);
#698=EDGE_CURVE('',#959,#957,#840,.T.);
#699=EDGE_CURVE('',#960,#959,#841,.T.);
#700=EDGE_CURVE('',#961,#962,#842,.T.);
#701=EDGE_CURVE('',#962,#958,#843,.T.);
#702=EDGE_CURVE('',#960,#961,#844,.T.);
#703=EDGE_CURVE('',#958,#946,#845,.T.);
#704=EDGE_CURVE('',#954,#961,#846,.T.);
#705=EDGE_CURVE('',#962,#953,#847,.T.);
#706=EDGE_CURVE('',#957,#955,#848,.T.);
#707=EDGE_CURVE('',#959,#956,#849,.T.);
#708=EDGE_CURVE('',#964,#963,#850,.T.);
#709=EDGE_CURVE('',#965,#964,#851,.T.);
#710=EDGE_CURVE('',#963,#966,#852,.T.);
#711=EDGE_CURVE('',#967,#968,#853,.T.);
#712=EDGE_CURVE('',#965,#967,#854,.T.);
#713=EDGE_CURVE('',#968,#966,#855,.T.);
#714=EDGE_CURVE('',#964,#932,#856,.T.);
#715=EDGE_CURVE('',#966,#938,#857,.T.);
#716=EDGE_CURVE('',#968,#941,#858,.T.);
#717=EDGE_CURVE('',#969,#970,#860,.T.);
#718=EDGE_CURVE('',#970,#971,#861,.T.);
#719=EDGE_CURVE('',#972,#971,#862,.T.);
#720=EDGE_CURVE('',#969,#972,#863,.T.);
#721=EDGE_CURVE('',#970,#973,#864,.T.);
#722=EDGE_CURVE('',#973,#974,#865,.T.);
#723=EDGE_CURVE('',#971,#974,#866,.T.);
#724=EDGE_CURVE('',#973,#975,#867,.T.);
#725=EDGE_CURVE('',#975,#976,#868,.T.);
#726=EDGE_CURVE('',#974,#976,#869,.T.);
#727=EDGE_CURVE('',#975,#969,#870,.T.);
#728=EDGE_CURVE('',#976,#972,#871,.T.);
#729=EDGE_CURVE('',#977,#978,#872,.T.);
#730=EDGE_CURVE('',#978,#979,#873,.T.);
#731=EDGE_CURVE('',#980,#979,#874,.T.);
#732=EDGE_CURVE('',#977,#980,#875,.T.);
#733=EDGE_CURVE('',#978,#981,#876,.T.);
#734=EDGE_CURVE('',#981,#982,#877,.T.);
#735=EDGE_CURVE('',#979,#982,#878,.T.);
#736=EDGE_CURVE('',#981,#983,#879,.T.);
#737=EDGE_CURVE('',#983,#984,#880,.T.);
#738=EDGE_CURVE('',#982,#984,#881,.T.);
#739=EDGE_CURVE('',#983,#977,#882,.T.);
#740=EDGE_CURVE('',#984,#980,#883,.T.);
#741=EDGE_CURVE('',#985,#989,#24,.T.);
#742=EDGE_CURVE('',#985,#986,#84,.T.);
#743=EDGE_CURVE('',#986,#990,#25,.T.);
#744=EDGE_CURVE('',#987,#993,#26,.T.);
#745=EDGE_CURVE('',#988,#994,#27,.T.);
#746=EDGE_CURVE('',#987,#988,#885,.T.);
#747=EDGE_CURVE('',#989,#990,#85,.T.);
#748=EDGE_CURVE('',#991,#992,#86,.T.);
#749=EDGE_CURVE('',#989,#992,#886,.T.);
#750=EDGE_CURVE('',#990,#991,#887,.T.);
#751=EDGE_CURVE('',#992,#985,#28,.T.);
#752=EDGE_CURVE('',#991,#986,#29,.T.);
#753=EDGE_CURVE('',#993,#994,#888,.T.);
#754=EDGE_CURVE('',#993,#987,#30,.T.);
#755=EDGE_CURVE('',#994,#988,#31,.T.);
#756=EDGE_CURVE('',#995,#999,#32,.T.);
#757=EDGE_CURVE('',#995,#996,#87,.T.);
#758=EDGE_CURVE('',#996,#1000,#33,.T.);
#759=EDGE_CURVE('',#997,#1003,#34,.T.);
#760=EDGE_CURVE('',#998,#1004,#35,.T.);
#761=EDGE_CURVE('',#997,#998,#889,.T.);
#762=EDGE_CURVE('',#999,#1000,#890,.T.);
#763=EDGE_CURVE('',#1001,#1002,#891,.T.);
#764=EDGE_CURVE('',#999,#1002,#892,.T.);
#765=EDGE_CURVE('',#1000,#1001,#893,.T.);
#766=EDGE_CURVE('',#1002,#995,#36,.T.);
#767=EDGE_CURVE('',#1001,#996,#37,.T.);
#768=EDGE_CURVE('',#1003,#1004,#894,.T.);
#769=EDGE_CURVE('',#1003,#997,#38,.T.);
#770=EDGE_CURVE('',#1004,#998,#39,.T.);
#771=B_SPLINE_CURVE_WITH_KNOTS('',1,(#1372,#1373),.UNSPECIFIED.,.F.,.F.,
(2,2),(-70.9874129182337,-50.9874129182337),.UNSPECIFIED.);
#772=B_SPLINE_CURVE_WITH_KNOTS('',1,(#1374,#1375),.UNSPECIFIED.,.F.,.F.,
(2,2),(0.,0.0793894572762692),.UNSPECIFIED.);
#773=B_SPLINE_CURVE_WITH_KNOTS('',1,(#1376,#1377),.UNSPECIFIED.,.F.,.F.,
(2,2),(-70.9874129182337,-50.9874129182337),.UNSPECIFIED.);
#774=B_SPLINE_CURVE_WITH_KNOTS('',1,(#1378,#1379),.UNSPECIFIED.,.F.,.F.,
(2,2),(0.,0.0793894572762692),.UNSPECIFIED.);
#775=B_SPLINE_CURVE_WITH_KNOTS('',1,(#1380,#1381),.UNSPECIFIED.,.F.,.F.,
(2,2),(-50.9874129182337,-46.9958043060113),.UNSPECIFIED.);
#776=B_SPLINE_CURVE_WITH_KNOTS('',1,(#1382,#1383),.UNSPECIFIED.,.F.,.F.,
(2,2),(0.,0.0793894572762692),.UNSPECIFIED.);
#777=B_SPLINE_CURVE_WITH_KNOTS('',1,(#1384,#1385),.UNSPECIFIED.,.F.,.F.,
(2,2),(-50.9874129182337,-46.9958043060113),.UNSPECIFIED.);
#778=B_SPLINE_CURVE_WITH_KNOTS('',1,(#1386,#1387),.UNSPECIFIED.,.F.,.F.,
(2,2),(-46.9958043060113,-26.9958043060113),.UNSPECIFIED.);
#779=B_SPLINE_CURVE_WITH_KNOTS('',1,(#1388,#1389),.UNSPECIFIED.,.F.,.F.,
(2,2),(0.,0.0793894572762692),.UNSPECIFIED.);
#780=B_SPLINE_CURVE_WITH_KNOTS('',1,(#1390,#1391),.UNSPECIFIED.,.F.,.F.,
(2,2),(-46.9958043060113,-26.9958043060113),.UNSPECIFIED.);
#781=B_SPLINE_CURVE_WITH_KNOTS('',1,(#1392,#1393),.UNSPECIFIED.,.F.,.F.,
(2,2),(-26.9958043060113,-23.0041956937889),.UNSPECIFIED.);
#782=B_SPLINE_CURVE_WITH_KNOTS('',1,(#1394,#1395),.UNSPECIFIED.,.F.,.F.,
(2,2),(-26.9958043060113,-23.0041956937889),.UNSPECIFIED.);
#783=B_SPLINE_CURVE_WITH_KNOTS('',1,(#1418,#1419),.UNSPECIFIED.,.F.,.F.,
(2,2),(-55.9515916326756,-51.9599830204533),.UNSPECIFIED.);
#784=B_SPLINE_CURVE_WITH_KNOTS('',1,(#1420,#1421),.UNSPECIFIED.,.F.,.F.,
(2,2),(0.,0.0793894572762692),.UNSPECIFIED.);
#785=B_SPLINE_CURVE_WITH_KNOTS('',1,(#1422,#1423),.UNSPECIFIED.,.F.,.F.,
(2,2),(-55.9515916326756,-51.9599830204533),.UNSPECIFIED.);
#786=B_SPLINE_CURVE_WITH_KNOTS('',1,(#1430,#1431),.UNSPECIFIED.,.F.,.F.,
(2,2),(-31.9599830204533,-27.9683744082309),.UNSPECIFIED.);
#787=B_SPLINE_CURVE_WITH_KNOTS('',1,(#1432,#1433),.UNSPECIFIED.,.F.,.F.,
(2,2),(-31.9599830204533,-27.9683744082309),.UNSPECIFIED.);
#788=B_SPLINE_CURVE_WITH_KNOTS('',3,(#1502,#1503,#1504,#1505),
 .UNSPECIFIED.,.F.,.F.,(4,4),(-55.3,-52.65),.UNSPECIFIED.);
#789=B_SPLINE_CURVE_WITH_KNOTS('',3,(#1506,#1507,#1508,#1509),
 .UNSPECIFIED.,.F.,.F.,(4,4),(0.,8.99113999595379),.UNSPECIFIED.);
#790=B_SPLINE_CURVE_WITH_KNOTS('',3,(#1510,#1511,#1512,#1513),
 .UNSPECIFIED.,.F.,.F.,(4,4),(-55.3,-52.65),.UNSPECIFIED.);
#791=B_SPLINE_CURVE_WITH_KNOTS('',3,(#1514,#1515,#1516,#1517),
 .UNSPECIFIED.,.F.,.F.,(4,4),(0.,8.99113999595379),.UNSPECIFIED.);
#792=B_SPLINE_CURVE_WITH_KNOTS('',3,(#1518,#1519,#1520,#1521,#1522,#1523,
#1524),.UNSPECIFIED.,.F.,.F.,(4,1,1,1,4),(-52.65,-46.4,-40.15,-33.9,-27.65),
 .UNSPECIFIED.);
#793=B_SPLINE_CURVE_WITH_KNOTS('',3,(#1525,#1526,#1527,#1528),
 .UNSPECIFIED.,.F.,.F.,(4,4),(0.,8.99113999595379),.UNSPECIFIED.);
#794=B_SPLINE_CURVE_WITH_KNOTS('',3,(#1529,#1530,#1531,#1532,#1533,#1534,
#1535),.UNSPECIFIED.,.F.,.F.,(4,1,1,1,4),(-52.65,-46.4,-40.15,-33.9,-27.65),
 .UNSPECIFIED.);
#795=B_SPLINE_CURVE_WITH_KNOTS('',3,(#1536,#1537,#1538,#1539),
 .UNSPECIFIED.,.F.,.F.,(4,4),(-27.65,-25.),.UNSPECIFIED.);
#796=B_SPLINE_CURVE_WITH_KNOTS('',3,(#1540,#1541,#1542,#1543),
 .UNSPECIFIED.,.F.,.F.,(4,4),(0.,8.99113999595379),.UNSPECIFIED.);
#797=B_SPLINE_CURVE_WITH_KNOTS('',3,(#1544,#1545,#1546,#1547),
 .UNSPECIFIED.,.F.,.F.,(4,4),(-27.65,-25.),.UNSPECIFIED.);
#798=B_SPLINE_CURVE_WITH_KNOTS('',3,(#1548,#1549,#1550,#1551,#1552,#1553,
#1554),.UNSPECIFIED.,.F.,.F.,(4,1,1,1,4),(-25.,-18.75,-12.5,-6.25,0.),
 .UNSPECIFIED.);
#799=B_SPLINE_CURVE_WITH_KNOTS('',3,(#1555,#1556,#1557,#1558,#1559,#1560,
#1561),.UNSPECIFIED.,.F.,.F.,(4,1,1,1,4),(-25.,-18.75,-12.5,-6.25,0.),
 .UNSPECIFIED.);
#800=B_SPLINE_CURVE_WITH_KNOTS('',1,(#1627,#1628),.UNSPECIFIED.,.F.,.F.,
(2,2),(-41.6073443539014,-36.68481067417),.UNSPECIFIED.);
#801=B_SPLINE_CURVE_WITH_KNOTS('',1,(#1629,#1630),.UNSPECIFIED.,.F.,.F.,
(2,2),(0.,27.5136396378708),.UNSPECIFIED.);
#802=B_SPLINE_CURVE_WITH_KNOTS('',1,(#1631,#1632),.UNSPECIFIED.,.F.,.F.,
(2,2),(-41.6073443539014,-36.68481067417),.UNSPECIFIED.);
#803=B_SPLINE_CURVE_WITH_KNOTS('',1,(#1633,#1634),.UNSPECIFIED.,.F.,.F.,
(2,2),(0.,27.5136396378708),.UNSPECIFIED.);
#804=B_SPLINE_CURVE_WITH_KNOTS('',1,(#1635,#1636),.UNSPECIFIED.,.F.,.F.,
(2,2),(-36.68481067417,-14.0535950250724),.UNSPECIFIED.);
#805=B_SPLINE_CURVE_WITH_KNOTS('',1,(#1637,#1638),.UNSPECIFIED.,.F.,.F.,
(2,2),(0.,7.533057417432),.UNSPECIFIED.);
#806=B_SPLINE_CURVE_WITH_KNOTS('',1,(#1639,#1640),.UNSPECIFIED.,.F.,.F.,
(2,2),(-36.68481067417,-14.0535950250724),.UNSPECIFIED.);
#807=B_SPLINE_CURVE_WITH_KNOTS('',1,(#1641,#1642),.UNSPECIFIED.,.F.,.F.,
(2,2),(-8.84471176938714,-7.105427357601E-15),.UNSPECIFIED.);
#808=B_SPLINE_CURVE_WITH_KNOTS('',1,(#1643,#1644),.UNSPECIFIED.,.F.,.F.,
(2,2),(0.,27.5136396378708),.UNSPECIFIED.);
#809=B_SPLINE_CURVE_WITH_KNOTS('',1,(#1645,#1646),.UNSPECIFIED.,.F.,.F.,
(2,2),(-8.84471176938714,-7.105427357601E-15),.UNSPECIFIED.);
#810=B_SPLINE_CURVE_WITH_KNOTS('',1,(#1647,#1648),.UNSPECIFIED.,.F.,.F.,
(2,2),(-7.105427357601E-15,27.5136396378708),.UNSPECIFIED.);
#811=B_SPLINE_CURVE_WITH_KNOTS('',1,(#1649,#1650),.UNSPECIFIED.,.F.,.F.,
(2,2),(-7.105427357601E-15,27.5136396378708),.UNSPECIFIED.);
#812=B_SPLINE_CURVE_WITH_KNOTS('',1,(#1657,#1658),.UNSPECIFIED.,.F.,.F.,
(2,2),(2.41593227010859,29.9295719079794),.UNSPECIFIED.);
#813=B_SPLINE_CURVE_WITH_KNOTS('',1,(#1659,#1660),.UNSPECIFIED.,.F.,.F.,
(2,2),(0.,27.5136396378708),.UNSPECIFIED.);
#814=B_SPLINE_CURVE_WITH_KNOTS('',1,(#1661,#1662),.UNSPECIFIED.,.F.,.F.,
(2,2),(-27.5136396378708,-19.9805822204388),.UNSPECIFIED.);
#815=B_SPLINE_CURVE_WITH_KNOTS('',1,(#1663,#1664),.UNSPECIFIED.,.F.,.F.,
(2,2),(2.087865610828,2.95698301695571),.UNSPECIFIED.);
#816=B_SPLINE_CURVE_WITH_KNOTS('',1,(#1665,#1666),.UNSPECIFIED.,.F.,.F.,
(2,2),(0.192673059176494,1.1949401662823),.UNSPECIFIED.);
#817=B_SPLINE_CURVE_WITH_KNOTS('',1,(#1667,#1668),.UNSPECIFIED.,.F.,.F.,
(2,2),(-10.3983728916084,-9.5292554854807),.UNSPECIFIED.);
#818=B_SPLINE_CURVE_WITH_KNOTS('',1,(#1669,#1670),.UNSPECIFIED.,.F.,.F.,
(2,2),(9.5292554854807,10.5315225925865),.UNSPECIFIED.);
#819=B_SPLINE_CURVE_WITH_KNOTS('',1,(#1671,#1672),.UNSPECIFIED.,.F.,.F.,
(2,2),(0.,27.5136396378708),.UNSPECIFIED.);
#820=B_SPLINE_CURVE_WITH_KNOTS('',1,(#1673,#1674),.UNSPECIFIED.,.F.,.F.,
(2,2),(-27.5136396378708,-19.9019837694142),.UNSPECIFIED.);
#821=B_SPLINE_CURVE_WITH_KNOTS('',1,(#1675,#1676),.UNSPECIFIED.,.F.,.F.,
(2,2),(-13.3164436643766,-8.84471176938714),.UNSPECIFIED.);
#822=B_SPLINE_CURVE_WITH_KNOTS('',1,(#1677,#1678),.UNSPECIFIED.,.F.,.F.,
(2,2),(-13.3164436643765,-8.84471176938714),.UNSPECIFIED.);
#823=B_SPLINE_CURVE_WITH_KNOTS('',1,(#1685,#1686),.UNSPECIFIED.,.F.,.F.,
(2,2),(0.,6.87926500764687),.UNSPECIFIED.);
#824=B_SPLINE_CURVE_WITH_KNOTS('',1,(#1687,#1688),.UNSPECIFIED.,.F.,.F.,
(2,2),(-3.08498667731859,-0.294344990268964),.UNSPECIFIED.);
#825=B_SPLINE_CURVE_WITH_KNOTS('',1,(#1689,#1690),.UNSPECIFIED.,.F.,.F.,
(2,2),(0.,25.4),.UNSPECIFIED.);
#826=B_SPLINE_CURVE_WITH_KNOTS('',1,(#1691,#1692),.UNSPECIFIED.,.F.,.F.,
(2,2),(-3.08498667731859,-0.294344990268964),.UNSPECIFIED.);
#827=B_SPLINE_CURVE_WITH_KNOTS('',1,(#1693,#1694),.UNSPECIFIED.,.F.,.F.,
(2,2),(0.,25.4),.UNSPECIFIED.);
#828=B_SPLINE_CURVE_WITH_KNOTS('',1,(#1695,#1696),.UNSPECIFIED.,.F.,.F.,
(2,2),(-3.08498667731859,-0.294344990268964),.UNSPECIFIED.);
#829=B_SPLINE_CURVE_WITH_KNOTS('',1,(#1697,#1698),.UNSPECIFIED.,.F.,.F.,
(2,2),(0.,25.4),.UNSPECIFIED.);
#830=B_SPLINE_CURVE_WITH_KNOTS('',1,(#1699,#1700),.UNSPECIFIED.,.F.,.F.,
(2,2),(-25.4,0.),.UNSPECIFIED.);
#831=B_SPLINE_CURVE_WITH_KNOTS('',1,(#1701,#1702),.UNSPECIFIED.,.F.,.F.,
(2,2),(-25.4,0.),.UNSPECIFIED.);
#832=B_SPLINE_CURVE_WITH_KNOTS('',1,(#1703,#1704),.UNSPECIFIED.,.F.,.F.,
(2,2),(-25.4,0.),.UNSPECIFIED.);
#833=B_SPLINE_CURVE_WITH_KNOTS('',1,(#1705,#1706),.UNSPECIFIED.,.F.,.F.,
(2,2),(-25.4,0.),.UNSPECIFIED.);
#834=B_SPLINE_CURVE_WITH_KNOTS('',1,(#1707,#1708),.UNSPECIFIED.,.F.,.F.,
(2,2),(0.294344990268964,3.08498667731859),.UNSPECIFIED.);
#835=B_SPLINE_CURVE_WITH_KNOTS('',1,(#1709,#1710),.UNSPECIFIED.,.F.,.F.,
(2,2),(-11.6414699847063,0.),.UNSPECIFIED.);
#836=B_SPLINE_CURVE_WITH_KNOTS('',1,(#1711,#1712),.UNSPECIFIED.,.F.,.F.,
(2,2),(1.89729596763773,3.94850453773502),.UNSPECIFIED.);
#837=B_SPLINE_CURVE_WITH_KNOTS('',1,(#1713,#1714),.UNSPECIFIED.,.F.,.F.,
(2,2),(-19.5775548112885,-7.93608482658228),.UNSPECIFIED.);
#838=B_SPLINE_CURVE_WITH_KNOTS('',1,(#1715,#1716),.UNSPECIFIED.,.F.,.F.,
(2,2),(-3.94850453773502,-1.89729596763772),.UNSPECIFIED.);
#839=B_SPLINE_CURVE_WITH_KNOTS('',1,(#1717,#1718),.UNSPECIFIED.,.F.,.F.,
(2,2),(1.66726606114441,3.08498667731859),.UNSPECIFIED.);
#840=B_SPLINE_CURVE_WITH_KNOTS('',1,(#1719,#1720),.UNSPECIFIED.,.F.,.F.,
(2,2),(6.87926500764687,18.5207349923531),.UNSPECIFIED.);
#841=B_SPLINE_CURVE_WITH_KNOTS('',1,(#1721,#1722),.UNSPECIFIED.,.F.,.F.,
(2,2),(-3.08498667731859,-1.66726606114441),.UNSPECIFIED.);
#842=B_SPLINE_CURVE_WITH_KNOTS('',1,(#1723,#1724),.UNSPECIFIED.,.F.,.F.,
(2,2),(6.87926500764687,18.5207349923531),.UNSPECIFIED.);
#843=B_SPLINE_CURVE_WITH_KNOTS('',1,(#1725,#1726),.UNSPECIFIED.,.F.,.F.,
(2,2),(-1.91587923163149,0.),.UNSPECIFIED.);
#844=B_SPLINE_CURVE_WITH_KNOTS('',1,(#1727,#1728),.UNSPECIFIED.,.F.,.F.,
(2,2),(0.,1.91587923163149),.UNSPECIFIED.);
#845=B_SPLINE_CURVE_WITH_KNOTS('',1,(#1729,#1730),.UNSPECIFIED.,.F.,.F.,
(2,2),(18.5207349923531,25.4),.UNSPECIFIED.);
#846=B_SPLINE_CURVE_WITH_KNOTS('',1,(#1731,#1732),.UNSPECIFIED.,.F.,.F.,
(2,2),(2.36763768179576,5.40207591963666),.UNSPECIFIED.);
#847=B_SPLINE_CURVE_WITH_KNOTS('',1,(#1733,#1734),.UNSPECIFIED.,.F.,.F.,
(2,2),(-5.40207591963666,-2.36763768179576),.UNSPECIFIED.);
#848=B_SPLINE_CURVE_WITH_KNOTS('',1,(#1735,#1736),.UNSPECIFIED.,.F.,.F.,
(2,2),(-4.0449572521787,-2.96434276986479),.UNSPECIFIED.);
#849=B_SPLINE_CURVE_WITH_KNOTS('',1,(#1737,#1738),.UNSPECIFIED.,.F.,.F.,
(2,2),(-4.0449572521787,-2.96434276986479),.UNSPECIFIED.);
#850=B_SPLINE_CURVE_WITH_KNOTS('',3,(#1739,#1740,#1741,#1742,#1743,#1744,
#1745,#1746,#1747,#1748,#1749,#1750,#1751,#1752,#1753,#1754),
 .UNSPECIFIED.,.F.,.F.,(4,3,3,3,3,4),(0.,1.49164020676211,6.55735538929044,
11.5816280665145,16.6270263516854,20.1432735890739),.UNSPECIFIED.);
#851=B_SPLINE_CURVE_WITH_KNOTS('',1,(#1755,#1756),.UNSPECIFIED.,.F.,.F.,
(2,2),(-13.3164436643766,-8.84471176938714),.UNSPECIFIED.);
#852=B_SPLINE_CURVE_WITH_KNOTS('',1,(#1757,#1758),.UNSPECIFIED.,.F.,.F.,
(2,2),(0.,4.50020658258351),.UNSPECIFIED.);
#853=B_SPLINE_CURVE_WITH_KNOTS('',3,(#1759,#1760,#1761,#1762,#1763,#1764,
#1765,#1766,#1767,#1768,#1769,#1770,#1771,#1772,#1773,#1774,#1775,#1776,
#1777,#1778,#1779,#1780,#1781,#1782,#1783,#1784,#1785,#1786,#1787,#1788),
 .UNSPECIFIED.,.F.,.F.,(4,3,3,3,2,2,2,3,2,3,3,4),(0.,1.03601054784551,3.72457267001631,
6.45540876840869,8.94234694393131,9.58509551917309,10.2134461970528,11.4892585485448,
13.866442354865,16.2670320092072,16.5496379342448,20.0946799659233),
 .UNSPECIFIED.);
#854=B_SPLINE_CURVE_WITH_KNOTS('',3,(#1789,#1790,#1791,#1792),
 .UNSPECIFIED.,.F.,.F.,(4,4),(0.,1.00739956123145),.UNSPECIFIED.);
#855=B_SPLINE_CURVE_WITH_KNOTS('',3,(#1793,#1794,#1795,#1796),
 .UNSPECIFIED.,.F.,.F.,(4,4),(0.,1.00739956123144),.UNSPECIFIED.);
#856=B_SPLINE_CURVE_WITH_KNOTS('',1,(#1797,#1798),.UNSPECIFIED.,.F.,.F.,
(2,2),(19.980582220502,27.5136396378708),.UNSPECIFIED.);
#857=B_SPLINE_CURVE_WITH_KNOTS('',1,(#1799,#1800),.UNSPECIFIED.,.F.,.F.,
(2,2),(-7.53305741743199,0.),.UNSPECIFIED.);
#858=B_SPLINE_CURVE_WITH_KNOTS('',1,(#1801,#1802),.UNSPECIFIED.,.F.,.F.,
(2,2),(-7.61165586845656,0.),.UNSPECIFIED.);
#859=B_SPLINE_CURVE_WITH_KNOTS('',1,(#1804,#1805,#1806,#1807,#1808),
 .UNSPECIFIED.,.T.,.F.,(2,1,1,1,2),(0.,11.6414699847063,14.9411209651277,
26.5825909498339,29.8822419302553),.UNSPECIFIED.);
#860=B_SPLINE_CURVE_WITH_KNOTS('',1,(#1823,#1824),.UNSPECIFIED.,.F.,.F.,
(2,2),(0.,4.60928263416207),.UNSPECIFIED.);
#861=B_SPLINE_CURVE_WITH_KNOTS('',1,(#1825,#1826),.UNSPECIFIED.,.F.,.F.,
(2,2),(0.,19.9876010219546),.UNSPECIFIED.);
#862=B_SPLINE_CURVE_WITH_KNOTS('',1,(#1827,#1828),.UNSPECIFIED.,.F.,.F.,
(2,2),(0.,4.60928263416207),.UNSPECIFIED.);
#863=B_SPLINE_CURVE_WITH_KNOTS('',1,(#1829,#1830),.UNSPECIFIED.,.F.,.F.,
(2,2),(0.,19.9876010219546),.UNSPECIFIED.);
#864=B_SPLINE_CURVE_WITH_KNOTS('',1,(#1831,#1832),.UNSPECIFIED.,.F.,.F.,
(2,2),(4.60928263416207,7.14206084848717),.UNSPECIFIED.);
#865=B_SPLINE_CURVE_WITH_KNOTS('',1,(#1833,#1834),.UNSPECIFIED.,.F.,.F.,
(2,2),(0.,19.9876010219546),.UNSPECIFIED.);
#866=B_SPLINE_CURVE_WITH_KNOTS('',1,(#1835,#1836),.UNSPECIFIED.,.F.,.F.,
(2,2),(4.60928263416207,7.14206084848717),.UNSPECIFIED.);
#867=B_SPLINE_CURVE_WITH_KNOTS('',1,(#1837,#1838),.UNSPECIFIED.,.F.,.F.,
(2,2),(7.14206084848717,11.7513434826492),.UNSPECIFIED.);
#868=B_SPLINE_CURVE_WITH_KNOTS('',1,(#1839,#1840),.UNSPECIFIED.,.F.,.F.,
(2,2),(0.,19.9876010219546),.UNSPECIFIED.);
#869=B_SPLINE_CURVE_WITH_KNOTS('',1,(#1841,#1842),.UNSPECIFIED.,.F.,.F.,
(2,2),(7.14206084848717,11.7513434826492),.UNSPECIFIED.);
#870=B_SPLINE_CURVE_WITH_KNOTS('',1,(#1843,#1844),.UNSPECIFIED.,.F.,.F.,
(2,2),(11.7513434826492,14.2841216969743),.UNSPECIFIED.);
#871=B_SPLINE_CURVE_WITH_KNOTS('',1,(#1845,#1846),.UNSPECIFIED.,.F.,.F.,
(2,2),(11.7513434826492,14.2841216969743),.UNSPECIFIED.);
#872=B_SPLINE_CURVE_WITH_KNOTS('',1,(#1861,#1862),.UNSPECIFIED.,.F.,.F.,
(2,2),(0.,4.60928263416207),.UNSPECIFIED.);
#873=B_SPLINE_CURVE_WITH_KNOTS('',1,(#1863,#1864),.UNSPECIFIED.,.F.,.F.,
(2,2),(0.,19.9876010219546),.UNSPECIFIED.);
#874=B_SPLINE_CURVE_WITH_KNOTS('',1,(#1865,#1866),.UNSPECIFIED.,.F.,.F.,
(2,2),(0.,4.60928263416207),.UNSPECIFIED.);
#875=B_SPLINE_CURVE_WITH_KNOTS('',1,(#1867,#1868),.UNSPECIFIED.,.F.,.F.,
(2,2),(0.,19.9876010219546),.UNSPECIFIED.);
#876=B_SPLINE_CURVE_WITH_KNOTS('',1,(#1869,#1870),.UNSPECIFIED.,.F.,.F.,
(2,2),(4.60928263416207,7.14206084848717),.UNSPECIFIED.);
#877=B_SPLINE_CURVE_WITH_KNOTS('',1,(#1871,#1872),.UNSPECIFIED.,.F.,.F.,
(2,2),(0.,19.9876010219546),.UNSPECIFIED.);
#878=B_SPLINE_CURVE_WITH_KNOTS('',1,(#1873,#1874),.UNSPECIFIED.,.F.,.F.,
(2,2),(4.60928263416207,7.14206084848717),.UNSPECIFIED.);
#879=B_SPLINE_CURVE_WITH_KNOTS('',1,(#1875,#1876),.UNSPECIFIED.,.F.,.F.,
(2,2),(7.14206084848717,11.7513434826492),.UNSPECIFIED.);
#880=B_SPLINE_CURVE_WITH_KNOTS('',1,(#1877,#1878),.UNSPECIFIED.,.F.,.F.,
(2,2),(0.,19.9876010219546),.UNSPECIFIED.);
#881=B_SPLINE_CURVE_WITH_KNOTS('',1,(#1879,#1880),.UNSPECIFIED.,.F.,.F.,
(2,2),(7.14206084848717,11.7513434826492),.UNSPECIFIED.);
#882=B_SPLINE_CURVE_WITH_KNOTS('',1,(#1881,#1882),.UNSPECIFIED.,.F.,.F.,
(2,2),(11.7513434826492,14.2841216969743),.UNSPECIFIED.);
#883=B_SPLINE_CURVE_WITH_KNOTS('',1,(#1883,#1884),.UNSPECIFIED.,.F.,.F.,
(2,2),(11.7513434826492,14.2841216969743),.UNSPECIFIED.);
#884=B_SPLINE_CURVE_WITH_KNOTS('',1,(#1885,#1886,#1887,#1888,#1889),
 .UNSPECIFIED.,.T.,.F.,(2,1,1,1,2),(0.,4.60928263416207,7.14206084848717,
11.7513434826492,14.2841216969743),.UNSPECIFIED.);
#885=B_SPLINE_CURVE_WITH_KNOTS('',1,(#1921,#1922),.UNSPECIFIED.,.F.,.F.,
(2,2),(3.33028400862676,23.3302840086268),.UNSPECIFIED.);
#886=B_SPLINE_CURVE_WITH_KNOTS('',1,(#1927,#1928),.UNSPECIFIED.,.F.,.F.,
(2,2),(-1.99580430601127,1.99580430621111),.UNSPECIFIED.);
#887=B_SPLINE_CURVE_WITH_KNOTS('',1,(#1929,#1930),.UNSPECIFIED.,.F.,.F.,
(2,2),(27.9683744082309,31.9599830204533),.UNSPECIFIED.);
#888=B_SPLINE_CURVE_WITH_KNOTS('',1,(#1937,#1938),.UNSPECIFIED.,.F.,.F.,
(2,2),(3.33028400862676,23.3302840086268),.UNSPECIFIED.);
#889=B_SPLINE_CURVE_WITH_KNOTS('',1,(#1976,#1977),.UNSPECIFIED.,.F.,.F.,
(2,2),(3.33028400862676,23.3302840086268),.UNSPECIFIED.);
#890=B_SPLINE_CURVE_WITH_KNOTS('',1,(#1978,#1979),.UNSPECIFIED.,.F.,.F.,
(2,2),(-26.2549294309629,-6.25492943096295),.UNSPECIFIED.);
#891=B_SPLINE_CURVE_WITH_KNOTS('',1,(#1980,#1981),.UNSPECIFIED.,.F.,.F.,
(2,2),(6.25492943096295,26.2549294309629),.UNSPECIFIED.);
#892=B_SPLINE_CURVE_WITH_KNOTS('',1,(#1982,#1983),.UNSPECIFIED.,.F.,.F.,
(2,2),(-26.9958043060113,-23.0041956937889),.UNSPECIFIED.);
#893=B_SPLINE_CURVE_WITH_KNOTS('',1,(#1984,#1985),.UNSPECIFIED.,.F.,.F.,
(2,2),(2.96837440823087,6.95998302045326),.UNSPECIFIED.);
#894=B_SPLINE_CURVE_WITH_KNOTS('',1,(#1992,#1993),.UNSPECIFIED.,.F.,.F.,
(2,2),(3.33028400862676,23.3302840086268),.UNSPECIFIED.);
#895=B_SPLINE_CURVE_WITH_KNOTS('',1,(#2000,#2001),.UNSPECIFIED.,.F.,.F.,
(2,2),(0.,46.9891750966453),.UNSPECIFIED.);
#896=B_SPLINE_CURVE_WITH_KNOTS('',1,(#2004,#2005),.UNSPECIFIED.,.F.,.F.,
(2,2),(0.,1.),.UNSPECIFIED.);
#897=B_SPLINE_CURVE_WITH_KNOTS('',1,(#2007,#2008,#2009,#2010,#2011),
 .UNSPECIFIED.,.T.,.F.,(2,1,1,1,2),(0.,0.729798359103803,3.87945443523601,
4.60925279433981,7.75890887047202),.UNSPECIFIED.);
#898=B_SPLINE_CURVE_WITH_KNOTS('',1,(#2013,#2014),.UNSPECIFIED.,.F.,.F.,
(2,2),(0.,27.5136396378708),.UNSPECIFIED.);
#899=B_SPLINE_CURVE_WITH_KNOTS('',1,(#2015,#2016,#2017,#2018),
 .UNSPECIFIED.,.F.,.F.,(2,1,1,2),(0.,8.84471176938714,36.68481067417,41.6073443539014),
 .UNSPECIFIED.);
#900=B_SPLINE_CURVE_WITH_KNOTS('',1,(#2019,#2020,#2021,#2022,#2023),
 .UNSPECIFIED.,.T.,.F.,(2,1,1,1,2),(0.,25.4,50.8,76.2,101.6),
 .UNSPECIFIED.);
#901=B_SPLINE_CURVE_WITH_KNOTS('',1,(#2024,#2025,#2026,#2027,#2028),
 .UNSPECIFIED.,.T.,.F.,(2,1,1,1,2),(0.,25.4,50.8,76.2,101.6),
 .UNSPECIFIED.);
#902=B_SPLINE_CURVE_WITH_KNOTS('',1,(#2029,#2030),.UNSPECIFIED.,.F.,.F.,
(2,2),(0.,1.),.UNSPECIFIED.);
#903=VERTEX_POINT('',#1364);
#904=VERTEX_POINT('',#1365);
#905=VERTEX_POINT('',#1366);
#906=VERTEX_POINT('',#1367);
#907=VERTEX_POINT('',#1368);
#908=VERTEX_POINT('',#1369);
#909=VERTEX_POINT('',#1370);
#910=VERTEX_POINT('',#1371);
#911=VERTEX_POINT('',#1402);
#912=VERTEX_POINT('',#1403);
#913=VERTEX_POINT('',#1404);
#914=VERTEX_POINT('',#1405);
#915=VERTEX_POINT('',#1406);
#916=VERTEX_POINT('',#1407);
#917=VERTEX_POINT('',#1408);
#918=VERTEX_POINT('',#1409);
#919=VERTEX_POINT('',#1494);
#920=VERTEX_POINT('',#1495);
#921=VERTEX_POINT('',#1496);
#922=VERTEX_POINT('',#1497);
#923=VERTEX_POINT('',#1498);
#924=VERTEX_POINT('',#1499);
#925=VERTEX_POINT('',#1500);
#926=VERTEX_POINT('',#1501);
#927=VERTEX_POINT('',#1585);
#928=VERTEX_POINT('',#1586);
#929=VERTEX_POINT('',#1587);
#930=VERTEX_POINT('',#1588);
#931=VERTEX_POINT('',#1589);
#932=VERTEX_POINT('',#1590);
#933=VERTEX_POINT('',#1591);
#934=VERTEX_POINT('',#1592);
#935=VERTEX_POINT('',#1593);
#936=VERTEX_POINT('',#1594);
#937=VERTEX_POINT('',#1595);
#938=VERTEX_POINT('',#1596);
#939=VERTEX_POINT('',#1597);
#940=VERTEX_POINT('',#1598);
#941=VERTEX_POINT('',#1599);
#942=VERTEX_POINT('',#1600);
#943=VERTEX_POINT('',#1601);
#944=VERTEX_POINT('',#1602);
#945=VERTEX_POINT('',#1603);
#946=VERTEX_POINT('',#1604);
#947=VERTEX_POINT('',#1605);
#948=VERTEX_POINT('',#1606);
#949=VERTEX_POINT('',#1607);
#950=VERTEX_POINT('',#1608);
#951=VERTEX_POINT('',#1609);
#952=VERTEX_POINT('',#1610);
#953=VERTEX_POINT('',#1611);
#954=VERTEX_POINT('',#1612);
#955=VERTEX_POINT('',#1613);
#956=VERTEX_POINT('',#1614);
#957=VERTEX_POINT('',#1615);
#958=VERTEX_POINT('',#1616);
#959=VERTEX_POINT('',#1617);
#960=VERTEX_POINT('',#1618);
#961=VERTEX_POINT('',#1619);
#962=VERTEX_POINT('',#1620);
#963=VERTEX_POINT('',#1621);
#964=VERTEX_POINT('',#1622);
#965=VERTEX_POINT('',#1623);
#966=VERTEX_POINT('',#1624);
#967=VERTEX_POINT('',#1625);
#968=VERTEX_POINT('',#1626);
#969=VERTEX_POINT('',#1815);
#970=VERTEX_POINT('',#1816);
#971=VERTEX_POINT('',#1817);
#972=VERTEX_POINT('',#1818);
#973=VERTEX_POINT('',#1819);
#974=VERTEX_POINT('',#1820);
#975=VERTEX_POINT('',#1821);
#976=VERTEX_POINT('',#1822);
#977=VERTEX_POINT('',#1853);
#978=VERTEX_POINT('',#1854);
#979=VERTEX_POINT('',#1855);
#980=VERTEX_POINT('',#1856);
#981=VERTEX_POINT('',#1857);
#982=VERTEX_POINT('',#1858);
#983=VERTEX_POINT('',#1859);
#984=VERTEX_POINT('',#1860);
#985=VERTEX_POINT('',#1897);
#986=VERTEX_POINT('',#1898);
#987=VERTEX_POINT('',#1899);
#988=VERTEX_POINT('',#1900);
#989=VERTEX_POINT('',#1901);
#990=VERTEX_POINT('',#1902);
#991=VERTEX_POINT('',#1903);
#992=VERTEX_POINT('',#1904);
#993=VERTEX_POINT('',#1905);
#994=VERTEX_POINT('',#1906);
#995=VERTEX_POINT('',#1952);
#996=VERTEX_POINT('',#1953);
#997=VERTEX_POINT('',#1954);
#998=VERTEX_POINT('',#1955);
#999=VERTEX_POINT('',#1956);
#1000=VERTEX_POINT('',#1957);
#1001=VERTEX_POINT('',#1958);
#1002=VERTEX_POINT('',#1959);
#1003=VERTEX_POINT('',#1960);
#1004=VERTEX_POINT('',#1961);
#1005=PLANE('',#1147);
#1006=PLANE('',#1148);
#1007=PLANE('',#1149);
#1008=PLANE('',#1150);
#1009=PLANE('',#1151);
#1010=PLANE('',#1152);
#1011=PLANE('',#1153);
#1012=PLANE('',#1154);
#1013=PLANE('',#1155);
#1014=PLANE('',#1156);
#1015=PLANE('',#1157);
#1016=PLANE('',#1158);
#1017=PLANE('',#1159);
#1018=PLANE('',#1160);
#1019=PLANE('',#1161);
#1020=PLANE('',#1162);
#1021=PLANE('',#1163);
#1022=PLANE('',#1164);
#1023=PLANE('',#1165);
#1024=PLANE('',#1166);
#1025=PLANE('',#1167);
#1026=PLANE('',#1168);
#1027=PLANE('',#1170);
#1028=PLANE('',#1171);
#1029=PLANE('',#1173);
#1030=PLANE('',#1174);
#1031=PLANE('',#1175);
#1032=PLANE('',#1176);
#1033=PLANE('',#1177);
#1034=PLANE('',#1178);
#1035=PLANE('',#1179);
#1036=PLANE('',#1180);
#1037=PLANE('',#1181);
#1038=PLANE('',#1182);
#1039=PLANE('',#1183);
#1040=PLANE('',#1184);
#1041=PLANE('',#1191);
#1042=PLANE('',#1192);
#1043=PLANE('',#1193);
#1044=PLANE('',#1194);
#1045=PLANE('',#1195);
#1046=PLANE('',#1196);
#1047=PLANE('',#1197);
#1048=PLANE('',#1198);
#1049=PLANE('',#1199);
#1050=PLANE('',#1200);
#1051=PLANE('',#1201);
#1052=PLANE('',#1202);
#1053=PLANE('',#1204);
#1054=PLANE('',#1205);
#1055=PLANE('',#1208);
#1056=PLANE('',#1219);
#1057=PLANE('',#1220);
#1058=PLANE('',#1223);
#1059=SHAPE_DEFINITION_REPRESENTATION(#1060,#1145);
#1060=PRODUCT_DEFINITION_SHAPE($,$,#1062);
#1061=PRODUCT_DEFINITION_CONTEXT('3D Mechanical Parts',#1134,'design');
#1062=PRODUCT_DEFINITION('A','First version',#1104,#1061);
#1063=DATE_TIME_ROLE('classification_date');
#1064=DATE_TIME_ROLE('creation_date');
#1065=APPLIED_DATE_AND_TIME_ASSIGNMENT(#1089,#1063,(#1068));
#1066=APPLIED_DATE_AND_TIME_ASSIGNMENT(#1091,#1064,(#1062));
#1067=SECURITY_CLASSIFICATION_LEVEL('unclassified');
#1068=SECURITY_CLASSIFICATION('A','Security for version',#1067);
#1069=APPLIED_SECURITY_CLASSIFICATION_ASSIGNMENT(#1068,(#1104));
#1070=APPROVAL_ROLE('Version approval');
#1071=APPROVAL_ROLE('Version Security approval');
#1072=APPROVAL_ROLE('Definition approval');
#1073=APPROVAL_PERSON_ORGANIZATION(#1122,#1098,#1070);
#1074=APPROVAL_PERSON_ORGANIZATION(#1123,#1099,#1071);
#1075=APPROVAL_PERSON_ORGANIZATION(#1126,#1100,#1072);
#1076=COORDINATED_UNIVERSAL_TIME_OFFSET(5,0,.BEHIND.);
#1077=LOCAL_TIME(0,0,0.,#1076);
#1078=LOCAL_TIME(0,0,0.,#1076);
#1079=LOCAL_TIME(0,0,0.,#1076);
#1080=LOCAL_TIME(0,0,0.,#1076);
#1081=LOCAL_TIME(0,0,0.,#1076);
#1082=CALENDAR_DATE(1999,1,1);
#1083=CALENDAR_DATE(1999,1,1);
#1084=CALENDAR_DATE(1999,1,1);
#1085=CALENDAR_DATE(1999,1,1);
#1086=CALENDAR_DATE(1999,1,1);
#1087=DATE_AND_TIME(#1082,#1077);
#1088=DATE_AND_TIME(#1083,#1078);
#1089=DATE_AND_TIME(#1084,#1079);
#1090=DATE_AND_TIME(#1085,#1080);
#1091=DATE_AND_TIME(#1086,#1081);
#1092=APPROVAL_DATE_TIME(#1087,#1098);
#1093=APPROVAL_DATE_TIME(#1088,#1099);
#1094=APPROVAL_DATE_TIME(#1090,#1100);
#1095=APPROVAL_STATUS('not_yet_approved');
#1096=APPROVAL_STATUS('not_yet_approved');
#1097=APPROVAL_STATUS('approved');
#1098=APPROVAL(#1095,'Version approval');
#1099=APPROVAL(#1096,'Version Security approval');
#1100=APPROVAL(#1097,'Definition approval');
#1101=APPLIED_APPROVAL_ASSIGNMENT(#1098,(#1104));
#1102=APPLIED_APPROVAL_ASSIGNMENT(#1099,(#1068));
#1103=APPLIED_APPROVAL_ASSIGNMENT(#1100,(#1062));
#1104=PRODUCT_DEFINITION_FORMATION_WITH_SPECIFIED_SOURCE('A',
'First version',#1136,.MADE.);
#1105=PERSON_AND_ORGANIZATION_ROLE('design_owner');
#1106=PERSON_AND_ORGANIZATION_ROLE('creator');
#1107=PERSON_AND_ORGANIZATION_ROLE('design_supplier');
#1108=PERSON_AND_ORGANIZATION_ROLE('classification_officer');
#1109=PERSON_AND_ORGANIZATION_ROLE('creator');
#1110=ORGANIZATION('STI','lab','lab');
#1111=ORGANIZATION('STI','unknown','unknown');
#1112=ORGANIZATION('STI','unknown','unknown');
#1113=ORGANIZATION('STI','unknown','unknown');
#1114=ORGANIZATION('STI','unknown','unknown');
#1115=ORGANIZATION('STI','unknown','unknown');
#1116=ORGANIZATION('STI','unknown','unknown');
#1117=PERSON('1','Box','vc60',$,$,$);
#1118=PERSON('2','last','first',$,$,$);
#1119=PERSON('3','President','Mr.',$,$,$);
#1120=PERSON_AND_ORGANIZATION(#1117,#1110);
#1121=PERSON_AND_ORGANIZATION(#1118,#1111);
#1122=PERSON_AND_ORGANIZATION(#1119,#1112);
#1123=PERSON_AND_ORGANIZATION(#1119,#1113);
#1124=PERSON_AND_ORGANIZATION(#1119,#1114);
#1125=PERSON_AND_ORGANIZATION(#1118,#1115);
#1126=PERSON_AND_ORGANIZATION(#1119,#1116);
#1127=APPLIED_PERSON_AND_ORGANIZATION_ASSIGNMENT(#1120,#1105,(#1136));
#1128=APPLIED_PERSON_AND_ORGANIZATION_ASSIGNMENT(#1121,#1106,(#1104));
#1129=APPLIED_PERSON_AND_ORGANIZATION_ASSIGNMENT(#1121,#1107,(#1104));
#1130=APPLIED_PERSON_AND_ORGANIZATION_ASSIGNMENT(#1124,#1108,(#1068));
#1131=APPLIED_PERSON_AND_ORGANIZATION_ASSIGNMENT(#1125,#1109,(#1062));
#1132=PRODUCT_RELATED_PRODUCT_CATEGORY('detail','detail',(#1136));
#1133=APPLICATION_PROTOCOL_DEFINITION('International Standard',
'config_control_design',1994,#1134);
#1134=APPLICATION_CONTEXT(
'configuration controlled 3d designs of mechanical parts and assemblie
s');
#1135=PRODUCT_CONTEXT('3D Mechanical Parts',#1134,'mechanical');
#1136=PRODUCT('Document','Document','',(#1135));
#1137=(
LENGTH_UNIT()
NAMED_UNIT(*)
SI_UNIT(.MILLI.,.METRE.)
);
#1138=(
NAMED_UNIT(*)
PLANE_ANGLE_UNIT()
SI_UNIT($,.RADIAN.)
);
#1139=DIMENSIONAL_EXPONENTS(0.,0.,0.,0.,0.,0.,0.);
#1140=PLANE_ANGLE_MEASURE_WITH_UNIT(PLANE_ANGLE_MEASURE(0.01745329252),
#1138);
#1141=(
CONVERSION_BASED_UNIT('DEGREES',#1140)
NAMED_UNIT(#1139)
PLANE_ANGLE_UNIT()
);
#1142=(
NAMED_UNIT(*)
SI_UNIT($,.STERADIAN.)
SOLID_ANGLE_UNIT()
);
#1143=UNCERTAINTY_MEASURE_WITH_UNIT(LENGTH_MEASURE(0.01),#1137,
'DISTANCE_ACCURACY_VALUE',
'Maximum model space distance between geometric entities at asserted c
onnectivities');
#1144=(
GEOMETRIC_REPRESENTATION_CONTEXT(3)
GLOBAL_UNCERTAINTY_ASSIGNED_CONTEXT((#1143))
GLOBAL_UNIT_ASSIGNED_CONTEXT((#1142,#1141,#1137))
REPRESENTATION_CONTEXT('ID1','3D')
);
#1145=SHAPE_REPRESENTATION('Document',(#1146,#1236,#1237),#1144);
#1146=AXIS2_PLACEMENT_3D($,#1357,#1238,#1239);
#1147=AXIS2_PLACEMENT_3D('',#1358,#1240,$);
#1148=AXIS2_PLACEMENT_3D('',#1359,#1241,$);
#1149=AXIS2_PLACEMENT_3D('',#1360,#1242,$);
#1150=AXIS2_PLACEMENT_3D('',#1361,#1243,$);
#1151=AXIS2_PLACEMENT_3D('',#1362,#1244,$);
#1152=AXIS2_PLACEMENT_3D('',#1363,#1245,$);
#1153=AXIS2_PLACEMENT_3D('',#1396,#1246,$);
#1154=AXIS2_PLACEMENT_3D('',#1397,#1247,$);
#1155=AXIS2_PLACEMENT_3D('',#1398,#1248,$);
#1156=AXIS2_PLACEMENT_3D('',#1399,#1249,$);
#1157=AXIS2_PLACEMENT_3D('',#1400,#1250,$);
#1158=AXIS2_PLACEMENT_3D('',#1401,#1251,$);
#1159=AXIS2_PLACEMENT_3D('',#1434,#1252,$);
#1160=AXIS2_PLACEMENT_3D('',#1463,#1253,$);
#1161=AXIS2_PLACEMENT_3D('',#1492,#1254,$);
#1162=AXIS2_PLACEMENT_3D('',#1493,#1255,$);
#1163=AXIS2_PLACEMENT_3D('',#1562,#1256,$);
#1164=AXIS2_PLACEMENT_3D('',#1563,#1257,$);
#1165=AXIS2_PLACEMENT_3D('',#1564,#1258,$);
#1166=AXIS2_PLACEMENT_3D('',#1565,#1259,$);
#1167=AXIS2_PLACEMENT_3D('',#1566,#1260,$);
#1168=AXIS2_PLACEMENT_3D('',#1567,#1261,$);
#1169=AXIS2_PLACEMENT_3D('',#1568,#1262,$);
#1170=AXIS2_PLACEMENT_3D('',#1569,#1263,$);
#1171=AXIS2_PLACEMENT_3D('',#1570,#1264,$);
#1172=AXIS2_PLACEMENT_3D('',#1571,#1265,$);
#1173=AXIS2_PLACEMENT_3D('',#1572,#1266,$);
#1174=AXIS2_PLACEMENT_3D('',#1573,#1267,$);
#1175=AXIS2_PLACEMENT_3D('',#1574,#1268,$);
#1176=AXIS2_PLACEMENT_3D('',#1575,#1269,$);
#1177=AXIS2_PLACEMENT_3D('',#1576,#1270,$);
#1178=AXIS2_PLACEMENT_3D('',#1577,#1271,$);
#1179=AXIS2_PLACEMENT_3D('',#1578,#1272,$);
#1180=AXIS2_PLACEMENT_3D('',#1579,#1273,$);
#1181=AXIS2_PLACEMENT_3D('',#1580,#1274,$);
#1182=AXIS2_PLACEMENT_3D('',#1581,#1275,$);
#1183=AXIS2_PLACEMENT_3D('',#1582,#1276,$);
#1184=AXIS2_PLACEMENT_3D('',#1583,#1277,$);
#1185=AXIS2_PLACEMENT_3D('',#1584,#1278,$);
#1186=AXIS2_PLACEMENT_3D($,#1651,#1279,#1280);
#1187=AXIS2_PLACEMENT_3D($,#1654,#1281,#1282);
#1188=AXIS2_PLACEMENT_3D($,#1679,#1283,#1284);
#1189=AXIS2_PLACEMENT_3D($,#1682,#1285,#1286);
#1190=AXIS2_PLACEMENT_3D($,#1803,#1287,#1288);
#1191=AXIS2_PLACEMENT_3D('',#1809,#1289,$);
#1192=AXIS2_PLACEMENT_3D('',#1810,#1290,$);
#1193=AXIS2_PLACEMENT_3D('',#1811,#1291,$);
#1194=AXIS2_PLACEMENT_3D('',#1812,#1292,$);
#1195=AXIS2_PLACEMENT_3D('',#1813,#1293,$);
#1196=AXIS2_PLACEMENT_3D('',#1814,#1294,$);
#1197=AXIS2_PLACEMENT_3D('',#1847,#1295,$);
#1198=AXIS2_PLACEMENT_3D('',#1848,#1296,$);
#1199=AXIS2_PLACEMENT_3D('',#1849,#1297,$);
#1200=AXIS2_PLACEMENT_3D('',#1850,#1298,$);
#1201=AXIS2_PLACEMENT_3D('',#1851,#1299,$);
#1202=AXIS2_PLACEMENT_3D('',#1852,#1300,$);
#1203=AXIS2_PLACEMENT_3D('',#1890,#1301,$);
#1204=AXIS2_PLACEMENT_3D('',#1891,#1302,$);
#1205=AXIS2_PLACEMENT_3D('',#1892,#1303,$);
#1206=AXIS2_PLACEMENT_3D('',#1893,#1304,$);
#1207=AXIS2_PLACEMENT_3D('',#1894,#1305,$);
#1208=AXIS2_PLACEMENT_3D('',#1895,#1306,$);
#1209=AXIS2_PLACEMENT_3D('',#1896,#1307,$);
#1210=AXIS2_PLACEMENT_3D($,#1907,#1308,#1309);
#1211=AXIS2_PLACEMENT_3D($,#1912,#1310,#1311);
#1212=AXIS2_PLACEMENT_3D($,#1915,#1312,#1313);
#1213=AXIS2_PLACEMENT_3D($,#1918,#1314,#1315);
#1214=AXIS2_PLACEMENT_3D($,#1931,#1316,#1317);
#1215=AXIS2_PLACEMENT_3D($,#1934,#1318,#1319);
#1216=AXIS2_PLACEMENT_3D($,#1939,#1320,#1321);
#1217=AXIS2_PLACEMENT_3D($,#1942,#1322,#1323);
#1218=AXIS2_PLACEMENT_3D('',#1945,#1324,$);
#1219=AXIS2_PLACEMENT_3D('',#1946,#1325,$);
#1220=AXIS2_PLACEMENT_3D('',#1947,#1326,$);
#1221=AXIS2_PLACEMENT_3D('',#1948,#1327,$);
#1222=AXIS2_PLACEMENT_3D('',#1949,#1328,$);
#1223=AXIS2_PLACEMENT_3D('',#1950,#1329,$);
#1224=AXIS2_PLACEMENT_3D('',#1951,#1330,$);
#1225=AXIS2_PLACEMENT_3D($,#1962,#1331,#1332);
#1226=AXIS2_PLACEMENT_3D($,#1967,#1333,#1334);
#1227=AXIS2_PLACEMENT_3D($,#1970,#1335,#1336);
#1228=AXIS2_PLACEMENT_3D($,#1973,#1337,#1338);
#1229=AXIS2_PLACEMENT_3D($,#1986,#1339,#1340);
#1230=AXIS2_PLACEMENT_3D($,#1989,#1341,#1342);
#1231=AXIS2_PLACEMENT_3D($,#1994,#1343,#1344);
#1232=AXIS2_PLACEMENT_3D($,#1997,#1345,#1346);
#1233=AXIS2_PLACEMENT_3D($,#2002,#1347,#1348);
#1234=AXIS2_PLACEMENT_3D($,#2003,#1349,#1350);
#1235=AXIS2_PLACEMENT_3D($,#2012,#1351,#1352);
#1236=AXIS2_PLACEMENT_3D($,#2031,#1353,#1354);
#1237=AXIS2_PLACEMENT_3D($,#2032,#1355,#1356);
#1238=DIRECTION('',(0.,0.,1.));
#1239=DIRECTION('',(1.,0.,0.));
#1240=DIRECTION('',(-1.,0.,0.));
#1241=DIRECTION('',(0.,0.,-1.));
#1242=DIRECTION('',(1.,0.,0.));
#1243=DIRECTION('',(0.,0.,1.));
#1244=DIRECTION('',(0.,1.,0.));
#1245=DIRECTION('',(0.,-1.,0.));
#1246=DIRECTION('',(1.,0.,0.));
#1247=DIRECTION('',(0.,0.,1.));
#1248=DIRECTION('',(-1.,0.,0.));
#1249=DIRECTION('',(0.,0.,-1.));
#1250=DIRECTION('',(0.,1.,0.));
#1251=DIRECTION('',(0.,-1.,0.));
#1252=DIRECTION('',(-0.899875678628953,-0.436146492605502,1.56420168630357E-16));
#1253=DIRECTION('',(0.894277981196167,-0.447511890733317,6.92279025003384E-16));
#1254=DIRECTION('',(0.,0.,1.));
#1255=DIRECTION('',(0.,0.,-1.));
#1256=DIRECTION('',(0.,0.985089181210128,-0.172044485708667));
#1257=DIRECTION('',(0.,0.,-1.));
#1258=DIRECTION('',(0.,-0.984039079220569,0.177952495252904));
#1259=DIRECTION('',(0.,0.17948445086572,0.983760810307786));
#1260=DIRECTION('',(1.,0.,0.));
#1261=DIRECTION('',(-1.,0.,0.));
#1262=DIRECTION('',(-1.,-1.45662849512362E-15,1.854142484302E-15));
#1263=DIRECTION('',(5.58078832758923E-18,-0.983760810307785,0.179484450865723));
#1264=DIRECTION('',(0.,0.,-1.));
#1265=DIRECTION('',(-1.,0.,0.));
#1266=DIRECTION('',(0.,0.983760810307786,-0.179484450865718));
#1267=DIRECTION('',(2.43882505270825E-18,0.984437354812229,-0.175735865577579));
#1268=DIRECTION('',(-1.,0.,0.));
#1269=DIRECTION('',(-1.07465382971831E-16,-0.984437354812229,0.17573586557758));
#1270=DIRECTION('',(1.,0.,0.));
#1271=DIRECTION('',(3.41310594477377E-18,0.17948445086572,0.983760810307786));
#1272=DIRECTION('',(0.,0.,1.));
#1273=DIRECTION('',(1.,0.,0.));
#1274=DIRECTION('',(-1.,0.,0.));
#1275=DIRECTION('',(0.,0.,-1.));
#1276=DIRECTION('',(0.,0.,-1.));
#1277=DIRECTION('',(-2.73048475581901E-17,0.983760810307786,-0.179484450865718));
#1278=DIRECTION('',(0.,1.,0.));
#1279=DIRECTION('',(1.,0.,0.));
#1280=DIRECTION('',(0.,0.983760810307785,-0.179484450865723));
#1281=DIRECTION('',(1.,4.6191714007954E-16,1.52795136469659E-15));
#1282=DIRECTION('',(-1.48029736616687E-16,0.983760810307785,-0.179484450865723));
#1283=DIRECTION('',(1.,-2.91325699024748E-15,3.70828496860415E-15));
#1284=DIRECTION('',(2.368475785867E-15,-0.0584939655413782,-0.99828776211834));
#1285=DIRECTION('',(1.,-3.51298968356452E-16,-2.75983152291651E-16));
#1286=DIRECTION('',(-2.96059473233375E-16,-0.0584939655414176,-0.998287762118338));
#1287=DIRECTION('',(0.,-1.,0.));
#1288=DIRECTION('',(0.972424778284206,0.,-0.233216745922999));
#1289=DIRECTION('',(0.,-1.,0.));
#1290=DIRECTION('',(-1.,0.,0.));
#1291=DIRECTION('',(0.,0.984039079220569,-0.177952495252904));
#1292=DIRECTION('',(1.,0.,0.));
#1293=DIRECTION('',(0.,0.,-1.));
#1294=DIRECTION('',(0.,0.748309344979424,0.663349925918791));
#1295=DIRECTION('',(0.,-1.,0.));
#1296=DIRECTION('',(1.,0.,0.));
#1297=DIRECTION('',(1.45651982301871E-16,0.984039079220569,-0.177952495252904));
#1298=DIRECTION('',(-1.,0.,0.));
#1299=DIRECTION('',(0.,0.,-1.));
#1300=DIRECTION('',(3.07131301177996E-16,0.748309344979424,0.663349925918791));
#1301=DIRECTION('',(0.,0.,-1.));
#1302=DIRECTION('',(0.,0.,1.));
#1303=DIRECTION('',(0.,0.,-1.));
#1304=DIRECTION('',(0.,0.,-1.));
#1305=DIRECTION('',(-1.28784844645506E-16,1.70773062644403E-16,-1.));
#1306=DIRECTION('',(0.,-1.,0.));
#1307=DIRECTION('',(0.,0.,-1.));
#1308=DIRECTION('',(0.,0.,-1.));
#1309=DIRECTION('',(2.73734763927429E-11,1.,0.));
#1310=DIRECTION('',(-3.4380781929196E-17,1.22212723565916E-16,-1.));
#1311=DIRECTION('',(2.73737197292962E-11,1.,2.433365533425E-16));
#1312=DIRECTION('',(0.,0.,1.));
#1313=DIRECTION('',(1.,0.,0.));
#1314=DIRECTION('',(0.,0.,1.));
#1315=DIRECTION('',(1.,0.,0.));
#1316=DIRECTION('',(0.,0.,-1.));
#1317=DIRECTION('',(-0.546795700304437,-0.837266064120946,0.));
#1318=DIRECTION('',(-1.6316562657808E-16,4.8560339080517E-17,-1.));
#1319=DIRECTION('',(-0.546795700304437,-0.837266064120946,0.));
#1320=DIRECTION('',(0.,0.,1.));
#1321=DIRECTION('',(-1.,0.,0.));
#1322=DIRECTION('',(0.,0.,1.));
#1323=DIRECTION('',(-1.,0.,0.));
#1324=DIRECTION('',(0.,0.,-1.));
#1325=DIRECTION('',(0.,0.,1.));
#1326=DIRECTION('',(0.,0.,-1.));
#1327=DIRECTION('',(0.,0.,-1.));
#1328=DIRECTION('',(-8.80307362873477E-17,-4.18633403790345E-16,-1.));
#1329=DIRECTION('',(0.,-1.,0.));
#1330=DIRECTION('',(0.,0.,-1.));
#1331=DIRECTION('',(-8.07289991014868E-15,2.04472699529355E-15,-1.));
#1332=DIRECTION('',(1.,-7.78676970695983E-15,-8.76011592032981E-15));
#1333=DIRECTION('',(5.04556244384286E-16,-1.27795437205842E-16,-1.));
#1334=DIRECTION('',(1.,9.73346213369993E-16,4.86673106684997E-16));
#1335=DIRECTION('',(0.,0.,1.));
#1336=DIRECTION('',(1.,-1.34064667124547E-15,0.));
#1337=DIRECTION('',(0.,0.,1.));
#1338=DIRECTION('',(1.,-1.34064667124547E-15,0.));
#1339=DIRECTION('',(-3.33034956257524E-16,-5.47268299308016E-16,-1.));
#1340=DIRECTION('',(-0.546795700304438,-0.837266064120946,0.));
#1341=DIRECTION('',(-8.08727404528975E-17,4.09108965466617E-18,-1.));
#1342=DIRECTION('',(-0.546795700304435,-0.837266064120948,0.));
#1343=DIRECTION('',(0.,0.,1.));
#1344=DIRECTION('',(-1.,-1.34064667124547E-15,0.));
#1345=DIRECTION('',(0.,0.,1.));
#1346=DIRECTION('',(-1.,-1.34064667124547E-15,0.));
#1347=DIRECTION('',(0.,0.,1.));
#1348=DIRECTION('',(1.,0.,0.));
#1349=DIRECTION('',(0.,0.,1.));
#1350=DIRECTION('',(2.73743303353078E-11,1.,0.));
#1351=DIRECTION('',(1.,0.,0.));
#1352=DIRECTION('',(0.,1.,0.));
#1353=DIRECTION('',(0.,0.,1.));
#1354=DIRECTION('',(1.,0.,0.));
#1355=DIRECTION('',(0.,0.,1.));
#1356=DIRECTION('',(1.,0.,0.));
#1357=CARTESIAN_POINT('',(0.,0.,0.));
#1358=CARTESIAN_POINT('',(21.3176428467672,-15.7770841554619,16.9911399959538));
#1359=CARTESIAN_POINT('',(21.3176428467672,-15.7770841554619,-3.0088600040462));
#1360=CARTESIAN_POINT('',(25.3092514589896,-15.7770841554619,-3.0088600040462));
#1361=CARTESIAN_POINT('',(25.3092514589896,-15.7770841554619,16.9911399959538));
#1362=CARTESIAN_POINT('',(25.3092514589896,-15.7770841554619,16.9911399959538));
#1363=CARTESIAN_POINT('',(25.3092514589896,-15.8564736127382,16.9911399959538));
#1364=CARTESIAN_POINT('',(21.3176428467672,-15.7770841554619,16.9911399959538));
#1365=CARTESIAN_POINT('',(21.3176428467672,-15.7770841554619,-3.0088600040462));
#1366=CARTESIAN_POINT('',(21.3176428467672,-15.8564736127382,-3.0088600040462));
#1367=CARTESIAN_POINT('',(21.3176428467672,-15.8564736127382,16.9911399959538));
#1368=CARTESIAN_POINT('',(25.3092514589896,-15.7770841554619,-3.0088600040462));
#1369=CARTESIAN_POINT('',(25.3092514589896,-15.8564736127382,-3.0088600040462));
#1370=CARTESIAN_POINT('',(25.3092514589896,-15.7770841554619,16.9911399959538));
#1371=CARTESIAN_POINT('',(25.3092514589896,-15.8564736127382,16.9911399959538));
#1372=CARTESIAN_POINT('',(21.3176428467672,-15.7770841554619,16.9911399959538));
#1373=CARTESIAN_POINT('',(21.3176428467672,-15.7770841554619,-3.0088600040462));
#1374=CARTESIAN_POINT('',(21.3176428467672,-15.7770841554619,-3.0088600040462));
#1375=CARTESIAN_POINT('',(21.3176428467672,-15.8564736127382,-3.0088600040462));
#1376=CARTESIAN_POINT('',(21.3176428467672,-15.8564736127382,16.9911399959538));
#1377=CARTESIAN_POINT('',(21.3176428467672,-15.8564736127382,-3.0088600040462));
#1378=CARTESIAN_POINT('',(21.3176428467672,-15.7770841554619,16.9911399959538));
#1379=CARTESIAN_POINT('',(21.3176428467672,-15.8564736127382,16.9911399959538));
#1380=CARTESIAN_POINT('',(21.3176428467672,-15.7770841554619,-3.0088600040462));
#1381=CARTESIAN_POINT('',(25.3092514589896,-15.7770841554619,-3.0088600040462));
#1382=CARTESIAN_POINT('',(25.3092514589896,-15.7770841554619,-3.0088600040462));
#1383=CARTESIAN_POINT('',(25.3092514589896,-15.8564736127382,-3.0088600040462));
#1384=CARTESIAN_POINT('',(21.3176428467672,-15.8564736127382,-3.0088600040462));
#1385=CARTESIAN_POINT('',(25.3092514589896,-15.8564736127382,-3.0088600040462));
#1386=CARTESIAN_POINT('',(25.3092514589896,-15.7770841554619,-3.0088600040462));
#1387=CARTESIAN_POINT('',(25.3092514589896,-15.7770841554619,16.9911399959538));
#1388=CARTESIAN_POINT('',(25.3092514589896,-15.7770841554619,16.9911399959538));
#1389=CARTESIAN_POINT('',(25.3092514589896,-15.8564736127382,16.9911399959538));
#1390=CARTESIAN_POINT('',(25.3092514589896,-15.8564736127382,-3.0088600040462));
#1391=CARTESIAN_POINT('',(25.3092514589896,-15.8564736127382,16.9911399959538));
#1392=CARTESIAN_POINT('',(25.3092514589896,-15.7770841554619,16.9911399959538));
#1393=CARTESIAN_POINT('',(21.3176428467672,-15.7770841554619,16.9911399959538));
#1394=CARTESIAN_POINT('',(25.3092514589896,-15.8564736127382,16.9911399959538));
#1395=CARTESIAN_POINT('',(21.3176428467672,-15.8564736127382,16.9911399959538));
#1396=CARTESIAN_POINT('',(0.309251458989568,-15.7770841554619,-3.0088600040462));
#1397=CARTESIAN_POINT('',(0.309251458989569,-15.7770841554619,16.9911399959538));
#1398=CARTESIAN_POINT('',(-3.68235715323282,-15.7770841554619,16.9911399959538));
#1399=CARTESIAN_POINT('',(-3.68235715323282,-15.7770841554619,-3.0088600040462));
#1400=CARTESIAN_POINT('',(0.309251458989569,-15.7770841554619,16.9911399959538));
#1401=CARTESIAN_POINT('',(0.309251458989569,-15.8564736127382,16.9911399959538));
#1402=CARTESIAN_POINT('',(0.309251458989568,-15.7770841554619,-3.0088600040462));
#1403=CARTESIAN_POINT('',(0.309251458989569,-15.7770841554619,16.9911399959538));
#1404=CARTESIAN_POINT('',(0.309251458989569,-15.8564736127382,16.9911399959538));
#1405=CARTESIAN_POINT('',(0.309251458989568,-15.8564736127382,-3.0088600040462));
#1406=CARTESIAN_POINT('',(-3.68235715323282,-15.7770841554619,16.9911399959538));
#1407=CARTESIAN_POINT('',(-3.68235715323282,-15.8564736127382,16.9911399959538));
#1408=CARTESIAN_POINT('',(-3.68235715323282,-15.7770841554619,-3.0088600040462));
#1409=CARTESIAN_POINT('',(-3.68235715323282,-15.8564736127382,-3.0088600040462));
#1410=CARTESIAN_POINT('',(0.309251458989568,-15.7770841554619,-3.0088600040462));
#1411=CARTESIAN_POINT('',(0.309251458989569,-15.7770841554619,16.9911399959538));
#1412=CARTESIAN_POINT('',(0.309251458989569,-15.7770841554619,16.9911399959538));
#1413=CARTESIAN_POINT('',(0.309251458989569,-15.8564736127382,16.9911399959538));
#1414=CARTESIAN_POINT('',(0.309251458989568,-15.8564736127382,-3.0088600040462));
#1415=CARTESIAN_POINT('',(0.309251458989569,-15.8564736127382,16.9911399959538));
#1416=CARTESIAN_POINT('',(0.309251458989568,-15.7770841554619,-3.0088600040462));
#1417=CARTESIAN_POINT('',(0.309251458989568,-15.8564736127382,-3.0088600040462));
#1418=CARTESIAN_POINT('',(0.309251458989569,-15.7770841554619,16.9911399959538));
#1419=CARTESIAN_POINT('',(-3.68235715323282,-15.7770841554619,16.9911399959538));
#1420=CARTESIAN_POINT('',(-3.68235715323282,-15.7770841554619,16.9911399959538));
#1421=CARTESIAN_POINT('',(-3.68235715323282,-15.8564736127382,16.9911399959538));
#1422=CARTESIAN_POINT('',(0.309251458989569,-15.8564736127382,16.9911399959538));
#1423=CARTESIAN_POINT('',(-3.68235715323282,-15.8564736127382,16.9911399959538));
#1424=CARTESIAN_POINT('',(-3.68235715323282,-15.7770841554619,16.9911399959538));
#1425=CARTESIAN_POINT('',(-3.68235715323282,-15.7770841554619,-3.0088600040462));
#1426=CARTESIAN_POINT('',(-3.68235715323282,-15.7770841554619,-3.0088600040462));
#1427=CARTESIAN_POINT('',(-3.68235715323282,-15.8564736127382,-3.0088600040462));
#1428=CARTESIAN_POINT('',(-3.68235715323282,-15.8564736127382,16.9911399959538));
#1429=CARTESIAN_POINT('',(-3.68235715323282,-15.8564736127382,-3.0088600040462));
#1430=CARTESIAN_POINT('',(-3.68235715323282,-15.7770841554619,-3.0088600040462));
#1431=CARTESIAN_POINT('',(0.309251458989568,-15.7770841554619,-3.0088600040462));
#1432=CARTESIAN_POINT('',(-3.68235715323282,-15.8564736127382,-3.0088600040462));
#1433=CARTESIAN_POINT('',(0.309251458989568,-15.8564736127382,-3.0088600040462));
#1434=CARTESIAN_POINT('',(1.80728985378085,-13.2088750032712,15.611366012818));
#1435=CARTESIAN_POINT('',(0.954902231099118,-11.4501932222178,15.611366012818));
#1436=CARTESIAN_POINT('',(0.954902231099118,-11.4501932222178,13.1937157303426));
#1437=CARTESIAN_POINT('',(0.954902231099119,-11.4501932222178,10.7760654478672));
#1438=CARTESIAN_POINT('',(0.954902231099118,-11.4501932222178,8.35841516539184));
#1439=CARTESIAN_POINT('',(2.32579608956061,-10.7850597751528,15.611366012818));
#1440=CARTESIAN_POINT('',(2.3257960895606,-10.7850597751527,13.1937157303426));
#1441=CARTESIAN_POINT('',(2.32579608956061,-10.7850597751528,10.7760654478672));
#1442=CARTESIAN_POINT('',(2.32579608956061,-10.7850597751528,8.35841516539184));
#1443=CARTESIAN_POINT('',(5.33650475748524,-9.68146416226445,15.611366012818));
#1444=CARTESIAN_POINT('',(5.33650475748523,-9.68146416226445,13.1937157303426));
#1445=CARTESIAN_POINT('',(5.33650475748524,-9.68146416226445,10.7760654478672));
#1446=CARTESIAN_POINT('',(5.33650475748524,-9.68146416226445,8.35841516539184));
#1447=CARTESIAN_POINT('',(10.4025872418912,-9.02598014903447,15.611366012818));
#1448=CARTESIAN_POINT('',(10.4025872418912,-9.02598014903447,13.1937157303426));
#1449=CARTESIAN_POINT('',(10.4025872418912,-9.02598014903447,10.7760654478672));
#1450=CARTESIAN_POINT('',(10.4025872418912,-9.02598014903447,8.35841516539184));
#1451=CARTESIAN_POINT('',(15.6587272185809,-9.55104288360279,15.611366012818));
#1452=CARTESIAN_POINT('',(15.6587272185809,-9.55104288360278,13.1937157303426));
#1453=CARTESIAN_POINT('',(15.6587272185808,-9.55104288360279,10.7760654478672));
#1454=CARTESIAN_POINT('',(15.6587272185809,-9.55104288360279,8.35841516539184));
#1455=CARTESIAN_POINT('',(19.0191639527931,-10.6775653511664,15.611366012818));
#1456=CARTESIAN_POINT('',(19.0191639527931,-10.6775653511664,13.1937157303426));
#1457=CARTESIAN_POINT('',(19.0191639527931,-10.6775653511664,10.7760654478672));
#1458=CARTESIAN_POINT('',(19.0191639527931,-10.6775653511664,8.35841516539184));
#1459=CARTESIAN_POINT('',(20.6017420414303,-11.4030847625462,15.611366012818));
#1460=CARTESIAN_POINT('',(20.6017420414303,-11.4030847625462,13.1937157303426));
#1461=CARTESIAN_POINT('',(20.6017420414303,-11.4030847625462,10.7760654478672));
#1462=CARTESIAN_POINT('',(20.6017420414303,-11.4030847625462,8.35841516539184));
#1463=CARTESIAN_POINT('',(20.6017420414303,-11.4030847625462,15.611366012818));
#1464=CARTESIAN_POINT('',(19.7575012649014,-13.0901639755642,15.611366012818));
#1465=CARTESIAN_POINT('',(19.7575012649014,-13.0901639755642,13.1937157303426));
#1466=CARTESIAN_POINT('',(19.7575012649014,-13.0901639755642,10.7760654478672));
#1467=CARTESIAN_POINT('',(19.7575012649014,-13.0901639755642,8.35841516539184));
#1468=CARTESIAN_POINT('',(18.3160859067744,-12.4438702870411,15.611366012818));
#1469=CARTESIAN_POINT('',(18.3160859067744,-12.4438702870411,13.1937157303426));
#1470=CARTESIAN_POINT('',(18.3160859067743,-12.4438702870411,10.7760654478672));
#1471=CARTESIAN_POINT('',(18.3160859067744,-12.4438702870411,8.35841516539184));
#1472=CARTESIAN_POINT('',(15.3166747848489,-11.4620620823783,15.611366012818));
#1473=CARTESIAN_POINT('',(15.3166747848489,-11.4620620823784,13.1937157303426));
#1474=CARTESIAN_POINT('',(15.3166747848489,-11.4620620823784,10.7760654478672));
#1475=CARTESIAN_POINT('',(15.3166747848489,-11.4620620823783,8.35841516539184));
#1476=CARTESIAN_POINT('',(10.666794034438,-10.984245073302,15.611366012818));
#1477=CARTESIAN_POINT('',(10.666794034438,-10.984245073302,13.1937157303426));
#1478=CARTESIAN_POINT('',(10.666794034438,-10.9842450733019,10.7760654478672));
#1479=CARTESIAN_POINT('',(10.666794034438,-10.984245073302,8.35841516539184));
#1480=CARTESIAN_POINT('',(6.07119787685889,-11.5232056555793,15.611366012818));
#1481=CARTESIAN_POINT('',(6.07119787685888,-11.5232056555793,13.1937157303426));
#1482=CARTESIAN_POINT('',(6.07119787685889,-11.5232056555793,10.7760654478672));
#1483=CARTESIAN_POINT('',(6.07119787685889,-11.5232056555793,8.35841516539184));
#1484=CARTESIAN_POINT('',(3.1787022990817,-12.5439791004532,15.611366012818));
#1485=CARTESIAN_POINT('',(3.17870229908171,-12.5439791004532,13.1937157303426));
#1486=CARTESIAN_POINT('',(3.1787022990817,-12.5439791004532,10.7760654478672));
#1487=CARTESIAN_POINT('',(3.1787022990817,-12.5439791004532,8.35841516539184));
#1488=CARTESIAN_POINT('',(1.80728985378085,-13.2088750032712,15.611366012818));
#1489=CARTESIAN_POINT('',(1.80728985378085,-13.2088750032712,13.1937157303426));
#1490=CARTESIAN_POINT('',(1.80728985378084,-13.2088750032712,10.7760654478672));
#1491=CARTESIAN_POINT('',(1.80728985378085,-13.2088750032712,8.35841516539184));
#1492=CARTESIAN_POINT('',(19.7575012649014,-13.0901639755642,15.611366012818));
#1493=CARTESIAN_POINT('',(19.7575012649014,-13.0901639755642,8.35841516539184));
#1494=CARTESIAN_POINT('',(1.80728985378085,-13.2088750032712,15.611366012818));
#1495=CARTESIAN_POINT('',(0.954902231099118,-11.4501932222178,15.611366012818));
#1496=CARTESIAN_POINT('',(0.954902231099118,-11.4501932222178,8.35841516539184));
#1497=CARTESIAN_POINT('',(1.80728985378085,-13.2088750032712,8.35841516539184));
#1498=CARTESIAN_POINT('',(20.6017420414303,-11.4030847625462,15.611366012818));
#1499=CARTESIAN_POINT('',(20.6017420414303,-11.4030847625462,8.35841516539184));
#1500=CARTESIAN_POINT('',(19.7575012649014,-13.0901639755642,15.611366012818));
#1501=CARTESIAN_POINT('',(19.7575012649014,-13.0901639755642,8.35841516539184));
#1502=CARTESIAN_POINT('',(1.80728985378085,-13.2088750032712,15.611366012818));
#1503=CARTESIAN_POINT('',(1.52316064622028,-12.62264774292,15.611366012818));
#1504=CARTESIAN_POINT('',(1.23903143865969,-12.0364204825689,15.611366012818));
#1505=CARTESIAN_POINT('',(0.954902231099118,-11.4501932222178,15.611366012818));
#1506=CARTESIAN_POINT('',(0.954902231099118,-11.4501932222178,15.611366012818));
#1507=CARTESIAN_POINT('',(0.954902231099118,-11.4501932222178,13.1937157303426));
#1508=CARTESIAN_POINT('',(0.954902231099119,-11.4501932222178,10.7760654478672));
#1509=CARTESIAN_POINT('',(0.954902231099118,-11.4501932222178,8.35841516539184));
#1510=CARTESIAN_POINT('',(1.80728985378085,-13.2088750032712,8.35841516539184));
#1511=CARTESIAN_POINT('',(1.52316064622028,-12.62264774292,8.35841516539185));
#1512=CARTESIAN_POINT('',(1.23903143865969,-12.0364204825689,8.35841516539184));
#1513=CARTESIAN_POINT('',(0.954902231099118,-11.4501932222178,8.35841516539184));
#1514=CARTESIAN_POINT('',(1.80728985378085,-13.2088750032712,15.611366012818));
#1515=CARTESIAN_POINT('',(1.80728985378085,-13.2088750032712,13.1937157303426));
#1516=CARTESIAN_POINT('',(1.80728985378084,-13.2088750032712,10.7760654478672));
#1517=CARTESIAN_POINT('',(1.80728985378085,-13.2088750032712,8.35841516539184));
#1518=CARTESIAN_POINT('',(0.954902231099118,-11.4501932222178,15.611366012818));
#1519=CARTESIAN_POINT('',(2.32579608956061,-10.7850597751528,15.611366012818));
#1520=CARTESIAN_POINT('',(5.33650475748523,-9.68146416226445,15.611366012818));
#1521=CARTESIAN_POINT('',(10.4025872418912,-9.02598014903447,15.611366012818));
#1522=CARTESIAN_POINT('',(15.6587272185809,-9.55104288360279,15.611366012818));
#1523=CARTESIAN_POINT('',(19.0191639527931,-10.6775653511664,15.611366012818));
#1524=CARTESIAN_POINT('',(20.6017420414303,-11.4030847625462,15.611366012818));
#1525=CARTESIAN_POINT('',(20.6017420414303,-11.4030847625462,15.611366012818));
#1526=CARTESIAN_POINT('',(20.6017420414303,-11.4030847625462,13.1937157303426));
#1527=CARTESIAN_POINT('',(20.6017420414303,-11.4030847625462,10.7760654478672));
#1528=CARTESIAN_POINT('',(20.6017420414303,-11.4030847625462,8.35841516539184));
#1529=CARTESIAN_POINT('',(0.954902231099118,-11.4501932222178,8.35841516539184));
#1530=CARTESIAN_POINT('',(2.32579608956061,-10.7850597751528,8.35841516539184));
#1531=CARTESIAN_POINT('',(5.33650475748523,-9.68146416226445,8.35841516539184));
#1532=CARTESIAN_POINT('',(10.4025872418912,-9.02598014903447,8.35841516539184));
#1533=CARTESIAN_POINT('',(15.6587272185809,-9.55104288360279,8.35841516539184));
#1534=CARTESIAN_POINT('',(19.0191639527931,-10.6775653511664,8.35841516539184));
#1535=CARTESIAN_POINT('',(20.6017420414303,-11.4030847625462,8.35841516539184));
#1536=CARTESIAN_POINT('',(20.6017420414303,-11.4030847625462,15.611366012818));
#1537=CARTESIAN_POINT('',(20.3204154454587,-11.9652166232066,15.611366012818));
#1538=CARTESIAN_POINT('',(20.0390085475292,-12.5275568126614,15.611366012818));
#1539=CARTESIAN_POINT('',(19.7575012649014,-13.0901639755642,15.611366012818));
#1540=CARTESIAN_POINT('',(19.7575012649014,-13.0901639755642,15.611366012818));
#1541=CARTESIAN_POINT('',(19.7575012649014,-13.0901639755642,13.1937157303426));
#1542=CARTESIAN_POINT('',(19.7575012649014,-13.0901639755642,10.7760654478672));
#1543=CARTESIAN_POINT('',(19.7575012649014,-13.0901639755642,8.35841516539184));
#1544=CARTESIAN_POINT('',(20.6017420414303,-11.4030847625462,8.35841516539184));
#1545=CARTESIAN_POINT('',(20.3204154454587,-11.9652166232066,8.35841516539184));
#1546=CARTESIAN_POINT('',(20.0390085475292,-12.5275568126614,8.35841516539185));
#1547=CARTESIAN_POINT('',(19.7575012649014,-13.0901639755642,8.35841516539184));
#1548=CARTESIAN_POINT('',(19.7575012649014,-13.0901639755642,15.611366012818));
#1549=CARTESIAN_POINT('',(18.3160859067744,-12.4438702870411,15.611366012818));
#1550=CARTESIAN_POINT('',(15.3166747848489,-11.4620620823783,15.611366012818));
#1551=CARTESIAN_POINT('',(10.666794034438,-10.984245073302,15.611366012818));
#1552=CARTESIAN_POINT('',(6.07119787685889,-11.5232056555793,15.611366012818));
#1553=CARTESIAN_POINT('',(3.1787022990817,-12.5439791004532,15.611366012818));
#1554=CARTESIAN_POINT('',(1.80728985378085,-13.2088750032712,15.611366012818));
#1555=CARTESIAN_POINT('',(19.7575012649014,-13.0901639755642,8.35841516539184));
#1556=CARTESIAN_POINT('',(18.3160859067744,-12.4438702870411,8.35841516539184));
#1557=CARTESIAN_POINT('',(15.3166747848489,-11.4620620823783,8.35841516539184));
#1558=CARTESIAN_POINT('',(10.666794034438,-10.984245073302,8.35841516539184));
#1559=CARTESIAN_POINT('',(6.07119787685889,-11.5232056555793,8.35841516539184));
#1560=CARTESIAN_POINT('',(3.1787022990817,-12.5439791004532,8.35841516539184));
#1561=CARTESIAN_POINT('',(1.80728985378085,-13.2088750032712,8.35841516539184));
#1562=CARTESIAN_POINT('',(24.5702669718138,22.0992070478025,6.29320330389775));
#1563=CARTESIAN_POINT('',(24.5702669718138,20.4767798071742,-2.99646102600081));
#1564=CARTESIAN_POINT('',(24.5702669718138,-7.54059674696657,-2.99646102600081));
#1565=CARTESIAN_POINT('',(24.5702669718138,-4.96763337686569,11.2314738056183));
#1566=CARTESIAN_POINT('',(24.5702669718138,19.5742093203779,-7.943482727145));
#1567=CARTESIAN_POINT('',(-2.94337266605703,19.5742093203779,-7.943482727145));
#1568=CARTESIAN_POINT('',(10.8134471528784,-1.96706988130579,0.85340590405958));
#1569=CARTESIAN_POINT('',(24.5702669718138,-2.14255177793003,-2.14145738229543));
#1570=CARTESIAN_POINT('',(24.5702669718138,-3.04039016438306,-2.99646102600081));
#1571=CARTESIAN_POINT('',(10.8134471528784,-1.96706988130578,0.853405904059579));
#1572=CARTESIAN_POINT('',(24.5702669718138,-3.04039016438306,-2.99646102600081));
#1573=CARTESIAN_POINT('',(23.5134471528784,-3.92797545544047,11.0417910807527));
#1574=CARTESIAN_POINT('',(23.5134471528784,20.0209261762746,0.664726905206208));
#1575=CARTESIAN_POINT('',(-1.88655284712163,21.0595491263773,6.48288602876338));
#1576=CARTESIAN_POINT('',(-1.88655284712162,-4.9665984055432,5.22363195719549));
#1577=CARTESIAN_POINT('',(-1.88655284712163,-4.9665984055432,5.22363195719549));
#1578=CARTESIAN_POINT('',(16.6341821452315,-6.11626973802246,4.87976142538108));
#1579=CARTESIAN_POINT('',(4.99271216052524,-6.11626973802246,4.87976142538108));
#1580=CARTESIAN_POINT('',(16.6341821452315,-6.11626973802246,8.17941240580248));
#1581=CARTESIAN_POINT('',(4.99271216052524,-5.51956464995343,8.17941240580248));
#1582=CARTESIAN_POINT('',(4.58968475137497,-3.04039016438306,-2.99646102600081));
#1583=CARTESIAN_POINT('',(4.66828320239954,-3.04039016438306,-2.99646102600081));
#1584=CARTESIAN_POINT('',(10.8134471528784,-5.20054777500493,-2.99646102600081));
#1585=CARTESIAN_POINT('',(24.5702669718138,22.0992070478025,6.29320330389775));
#1586=CARTESIAN_POINT('',(24.5702669718138,20.4767798071742,-2.99646102600081));
#1587=CARTESIAN_POINT('',(-2.94337266605703,20.4767798071742,-2.99646102600081));
#1588=CARTESIAN_POINT('',(-2.94337266605703,22.0992070478025,6.29320330389775));
#1589=CARTESIAN_POINT('',(24.5702669718138,-7.54059674696657,-2.99646102600081));
#1590=CARTESIAN_POINT('',(-2.94337266605703,-7.54059674696657,-2.99646102600081));
#1591=CARTESIAN_POINT('',(24.5702669718138,-4.96763337686569,11.2314738056183));
#1592=CARTESIAN_POINT('',(-2.94337266605703,-4.96763337686569,11.2314738056183));
#1593=CARTESIAN_POINT('',(24.5702669718138,0.98421254961757,0.31495255146242));
#1594=CARTESIAN_POINT('',(-2.94337266605703,0.98421254961757,0.314952551462418));
#1595=CARTESIAN_POINT('',(24.5702669718138,-2.29854483830681,-2.99646102600081));
#1596=CARTESIAN_POINT('',(24.5702669718138,-3.04039016438306,-2.99646102600081));
#1597=CARTESIAN_POINT('',(-2.94337266605703,-2.29854483830681,-2.99646102600081));
#1598=CARTESIAN_POINT('',(-2.94337266605703,-3.04039016438306,-2.99646102600081));
#1599=CARTESIAN_POINT('',(24.5702669718138,-2.86049880304341,-2.01046992456895));
#1600=CARTESIAN_POINT('',(24.5702669718138,-2.14255177792992,-2.14145738229544));
#1601=CARTESIAN_POINT('',(-2.94337266605702,-2.14255177793004,-2.14145738229543));
#1602=CARTESIAN_POINT('',(-2.94337266605702,-2.8604988030433,-2.01046992456898));
#1603=CARTESIAN_POINT('',(-1.88655284712162,-4.9665984055432,5.22363195719549));
#1604=CARTESIAN_POINT('',(23.5134471528784,-4.9665984055432,5.22363195719549));
#1605=CARTESIAN_POINT('',(23.5134471528784,20.0209261762746,0.664726905206208));
#1606=CARTESIAN_POINT('',(-1.88655284712162,20.0209261762746,0.664726905206208));
#1607=CARTESIAN_POINT('',(23.5134471528784,-3.92797545544047,11.0417910807527));
#1608=CARTESIAN_POINT('',(-1.88655284712162,-3.92797545544047,11.0417910807527));
#1609=CARTESIAN_POINT('',(23.5134471528784,21.0595491263773,6.48288602876338));
#1610=CARTESIAN_POINT('',(-1.88655284712163,21.0595491263773,6.48288602876338));
#1611=CARTESIAN_POINT('',(16.6341821452315,-6.11626973802246,4.87976142538108));
#1612=CARTESIAN_POINT('',(4.99271216052524,-6.11626973802246,4.87976142538108));
#1613=CARTESIAN_POINT('',(16.6341821452315,-5.51956464995343,8.17941240580248));
#1614=CARTESIAN_POINT('',(4.99271216052524,-5.51956464995343,8.17941240580248));
#1615=CARTESIAN_POINT('',(16.6341821452315,-4.43895016763952,8.17941240580248));
#1616=CARTESIAN_POINT('',(16.6341821452315,-4.9665984055432,5.2236319571955));
#1617=CARTESIAN_POINT('',(4.99271216052525,-4.43895016763952,8.17941240580248));
#1618=CARTESIAN_POINT('',(4.99271216052524,-4.9665984055432,5.2236319571955));
#1619=CARTESIAN_POINT('',(4.99271216052524,-3.08183150018156,4.87976142538108));
#1620=CARTESIAN_POINT('',(16.6341821452315,-3.08183150018156,4.87976142538108));
#1621=CARTESIAN_POINT('',(17.037209554445,-7.54059674696657,-2.99646102600081));
#1622=CARTESIAN_POINT('',(4.58968475131177,-7.54059674696657,-2.99646102600081));
#1623=CARTESIAN_POINT('',(4.58968475137497,-3.04039016438306,-2.99646102600081));
#1624=CARTESIAN_POINT('',(17.0372095543818,-3.04039016438306,-2.99646102600081));
#1625=CARTESIAN_POINT('',(4.66828320239954,-2.86049880304329,-2.01046992456898));
#1626=CARTESIAN_POINT('',(16.9586111033572,-2.86049880304329,-2.01046992456898));
#1627=CARTESIAN_POINT('',(24.5702669718138,22.0992070478025,6.29320330389775));
#1628=CARTESIAN_POINT('',(24.5702669718138,20.4767798071742,-2.99646102600081));
#1629=CARTESIAN_POINT('',(24.5702669718138,20.4767798071742,-2.99646102600081));
#1630=CARTESIAN_POINT('',(-2.94337266605703,20.4767798071742,-2.99646102600081));
#1631=CARTESIAN_POINT('',(-2.94337266605703,22.0992070478025,6.29320330389775));
#1632=CARTESIAN_POINT('',(-2.94337266605703,20.4767798071742,-2.99646102600081));
#1633=CARTESIAN_POINT('',(24.5702669718138,22.0992070478025,6.29320330389775));
#1634=CARTESIAN_POINT('',(-2.94337266605703,22.0992070478025,6.29320330389775));
#1635=CARTESIAN_POINT('',(24.5702669718138,20.4767798071742,-2.99646102600081));
#1636=CARTESIAN_POINT('',(24.5702669718138,-2.29854483830681,-2.99646102600081));
#1637=CARTESIAN_POINT('',(24.5702669718138,-7.54059674696657,-2.99646102600081));
#1638=CARTESIAN_POINT('',(17.037209554445,-7.54059674696657,-2.99646102600081));
#1639=CARTESIAN_POINT('',(-2.94337266605703,20.4767798071742,-2.99646102600081));
#1640=CARTESIAN_POINT('',(-2.94337266605703,-2.29854483830681,-2.99646102600081));
#1641=CARTESIAN_POINT('',(24.5702669718138,-7.54059674696657,-2.99646102600081));
#1642=CARTESIAN_POINT('',(24.5702669718138,-4.96763337686569,11.2314738056183));
#1643=CARTESIAN_POINT('',(24.5702669718138,-4.96763337686569,11.2314738056183));
#1644=CARTESIAN_POINT('',(-2.94337266605703,-4.96763337686569,11.2314738056183));
#1645=CARTESIAN_POINT('',(-2.94337266605703,-7.54059674696657,-2.99646102600081));
#1646=CARTESIAN_POINT('',(-2.94337266605703,-4.96763337686569,11.2314738056183));
#1647=CARTESIAN_POINT('',(24.5702669718138,-4.96763337686569,11.2314738056183));
#1648=CARTESIAN_POINT('',(24.5702669718138,22.0992070478025,6.29320330389775));
#1649=CARTESIAN_POINT('',(-2.94337266605703,-4.96763337686569,11.2314738056183));
#1650=CARTESIAN_POINT('',(-2.94337266605703,22.0992070478025,6.29320330389775));
#1651=CARTESIAN_POINT('',(24.5702669718138,-1.96706988130579,0.853405904059589));
#1652=CARTESIAN_POINT('',(24.5702669718138,0.98421254961757,0.31495255146242));
#1653=CARTESIAN_POINT('',(24.5702669718138,-2.8604988030433,-2.01046992456898));
#1654=CARTESIAN_POINT('',(-2.94337266605703,-1.96706988130579,0.853405904059592));
#1655=CARTESIAN_POINT('',(-2.94337266605703,0.984212549617572,0.314952551462421));
#1656=CARTESIAN_POINT('',(-2.94337266605702,-2.8604988030433,-2.01046992456899));
#1657=CARTESIAN_POINT('',(24.5702669718138,0.98421254961757,0.31495255146242));
#1658=CARTESIAN_POINT('',(-2.94337266605703,0.98421254961757,0.314952551462418));
#1659=CARTESIAN_POINT('',(24.5702669718138,-2.29854483830681,-2.99646102600081));
#1660=CARTESIAN_POINT('',(-2.94337266605703,-2.29854483830681,-2.99646102600081));
#1661=CARTESIAN_POINT('',(-2.94337266605703,-3.04039016438306,-2.99646102600081));
#1662=CARTESIAN_POINT('',(4.58968475137497,-3.04039016438306,-2.99646102600081));
#1663=CARTESIAN_POINT('',(24.5702669718138,-2.29854483830681,-2.99646102600081));
#1664=CARTESIAN_POINT('',(24.5702669718138,-2.14255177792992,-2.14145738229544));
#1665=CARTESIAN_POINT('',(24.5702669718138,-2.86049880304341,-2.01046992456895));
#1666=CARTESIAN_POINT('',(24.5702669718138,-3.04039016438306,-2.99646102600081));
#1667=CARTESIAN_POINT('',(-2.94337266605703,-2.29854483830681,-2.99646102600081));
#1668=CARTESIAN_POINT('',(-2.94337266605702,-2.14255177793004,-2.14145738229543));
#1669=CARTESIAN_POINT('',(-2.94337266605702,-2.8604988030433,-2.01046992456898));
#1670=CARTESIAN_POINT('',(-2.94337266605703,-3.04039016438306,-2.99646102600081));
#1671=CARTESIAN_POINT('',(24.5702669718138,-2.14255177792992,-2.14145738229544));
#1672=CARTESIAN_POINT('',(-2.94337266605702,-2.14255177793004,-2.14145738229543));
#1673=CARTESIAN_POINT('',(-2.94337266605702,-2.8604988030433,-2.01046992456898));
#1674=CARTESIAN_POINT('',(4.66828320239954,-2.86049880304329,-2.01046992456898));
#1675=CARTESIAN_POINT('',(24.5702669718138,-3.04039016438306,-2.99646102600081));
#1676=CARTESIAN_POINT('',(24.5702669718138,-7.54059674696657,-2.99646102600081));
#1677=CARTESIAN_POINT('',(-2.94337266605703,-3.04039016438306,-2.99646102600081));
#1678=CARTESIAN_POINT('',(-2.94337266605703,-7.54059674696657,-2.99646102600081));
#1679=CARTESIAN_POINT('',(24.5702669718138,-1.96706988130579,0.853405904059579));
#1680=CARTESIAN_POINT('',(24.5702669718138,-2.14255177792992,-2.14145738229544));
#1681=CARTESIAN_POINT('',(24.5702669718138,0.984212549617571,0.314952551462419));
#1682=CARTESIAN_POINT('',(-2.94337266605702,-1.96706988130579,0.853405904059582));
#1683=CARTESIAN_POINT('',(-2.94337266605702,-2.14255177793004,-2.14145738229544));
#1684=CARTESIAN_POINT('',(-2.94337266605702,0.984212549617571,0.31495255146242));
#1685=CARTESIAN_POINT('',(-1.88655284712162,-4.9665984055432,5.22363195719549));
#1686=CARTESIAN_POINT('',(4.99271216052524,-4.9665984055432,5.2236319571955));
#1687=CARTESIAN_POINT('',(23.5134471528784,-4.9665984055432,5.22363195719549));
#1688=CARTESIAN_POINT('',(23.5134471528784,-3.92797545544047,11.0417910807527));
#1689=CARTESIAN_POINT('',(23.5134471528784,-4.9665984055432,5.22363195719549));
#1690=CARTESIAN_POINT('',(23.5134471528784,20.0209261762746,0.664726905206208));
#1691=CARTESIAN_POINT('',(23.5134471528784,20.0209261762746,0.664726905206208));
#1692=CARTESIAN_POINT('',(23.5134471528784,21.0595491263773,6.48288602876338));
#1693=CARTESIAN_POINT('',(23.5134471528784,20.0209261762746,0.664726905206208));
#1694=CARTESIAN_POINT('',(-1.88655284712162,20.0209261762746,0.664726905206208));
#1695=CARTESIAN_POINT('',(-1.88655284712162,20.0209261762746,0.664726905206208));
#1696=CARTESIAN_POINT('',(-1.88655284712163,21.0595491263773,6.48288602876338));
#1697=CARTESIAN_POINT('',(-1.88655284712162,20.0209261762746,0.664726905206208));
#1698=CARTESIAN_POINT('',(-1.88655284712162,-4.9665984055432,5.22363195719549));
#1699=CARTESIAN_POINT('',(23.5134471528784,-3.92797545544047,11.0417910807527));
#1700=CARTESIAN_POINT('',(-1.88655284712162,-3.92797545544047,11.0417910807527));
#1701=CARTESIAN_POINT('',(23.5134471528784,21.0595491263773,6.48288602876338));
#1702=CARTESIAN_POINT('',(23.5134471528784,-3.92797545544047,11.0417910807527));
#1703=CARTESIAN_POINT('',(-1.88655284712163,21.0595491263773,6.48288602876338));
#1704=CARTESIAN_POINT('',(23.5134471528784,21.0595491263773,6.48288602876338));
#1705=CARTESIAN_POINT('',(-1.88655284712162,-3.92797545544047,11.0417910807527));
#1706=CARTESIAN_POINT('',(-1.88655284712163,21.0595491263773,6.48288602876338));
#1707=CARTESIAN_POINT('',(-1.88655284712162,-3.92797545544047,11.0417910807527));
#1708=CARTESIAN_POINT('',(-1.88655284712162,-4.9665984055432,5.22363195719549));
#1709=CARTESIAN_POINT('',(16.6341821452315,-6.11626973802246,4.87976142538108));
#1710=CARTESIAN_POINT('',(4.99271216052524,-6.11626973802246,4.87976142538108));
#1711=CARTESIAN_POINT('',(16.6341821452315,-5.51956464995343,8.17941240580248));
#1712=CARTESIAN_POINT('',(16.6341821452315,-6.11626973802246,4.87976142538108));
#1713=CARTESIAN_POINT('',(4.99271216052524,-5.51956464995343,8.17941240580248));
#1714=CARTESIAN_POINT('',(16.6341821452315,-5.51956464995343,8.17941240580248));
#1715=CARTESIAN_POINT('',(4.99271216052524,-6.11626973802246,4.87976142538108));
#1716=CARTESIAN_POINT('',(4.99271216052524,-5.51956464995343,8.17941240580248));
#1717=CARTESIAN_POINT('',(16.6341821452315,-4.43895016763952,8.17941240580248));
#1718=CARTESIAN_POINT('',(16.6341821452315,-4.9665984055432,5.2236319571955));
#1719=CARTESIAN_POINT('',(4.99271216052525,-4.43895016763952,8.17941240580248));
#1720=CARTESIAN_POINT('',(16.6341821452315,-4.43895016763952,8.17941240580248));
#1721=CARTESIAN_POINT('',(4.99271216052524,-4.9665984055432,5.2236319571955));
#1722=CARTESIAN_POINT('',(4.99271216052525,-4.43895016763952,8.17941240580248));
#1723=CARTESIAN_POINT('',(4.99271216052524,-3.08183150018156,4.87976142538108));
#1724=CARTESIAN_POINT('',(16.6341821452315,-3.08183150018156,4.87976142538108));
#1725=CARTESIAN_POINT('',(16.6341821452315,-3.08183150018156,4.87976142538108));
#1726=CARTESIAN_POINT('',(16.6341821452315,-4.9665984055432,5.2236319571955));
#1727=CARTESIAN_POINT('',(4.99271216052524,-4.9665984055432,5.2236319571955));
#1728=CARTESIAN_POINT('',(4.99271216052524,-3.08183150018156,4.87976142538108));
#1729=CARTESIAN_POINT('',(16.6341821452315,-4.9665984055432,5.2236319571955));
#1730=CARTESIAN_POINT('',(23.5134471528784,-4.9665984055432,5.22363195719549));
#1731=CARTESIAN_POINT('',(4.99271216052524,-6.11626973802246,4.87976142538108));
#1732=CARTESIAN_POINT('',(4.99271216052524,-3.08183150018156,4.87976142538108));
#1733=CARTESIAN_POINT('',(16.6341821452315,-3.08183150018156,4.87976142538108));
#1734=CARTESIAN_POINT('',(16.6341821452315,-6.11626973802246,4.87976142538108));
#1735=CARTESIAN_POINT('',(16.6341821452315,-4.43895016763952,8.17941240580248));
#1736=CARTESIAN_POINT('',(16.6341821452315,-5.51956464995343,8.17941240580248));
#1737=CARTESIAN_POINT('',(4.99271216052525,-4.43895016763952,8.17941240580248));
#1738=CARTESIAN_POINT('',(4.99271216052524,-5.51956464995343,8.17941240580248));
#1739=CARTESIAN_POINT('',(4.58968475131177,-7.54059674696657,-2.99646102600081));
#1740=CARTESIAN_POINT('',(4.58968475131177,-7.452225090151,-2.50778474372447));
#1741=CARTESIAN_POINT('',(4.64723928060252,-7.36412165284658,-2.02059165773828));
#1742=CARTESIAN_POINT('',(4.76130637944139,-7.27811175789482,-1.54497541132428));
#1743=CARTESIAN_POINT('',(5.1438335876092,-6.98967516815407,0.0500169813287452));
#1744=CARTESIAN_POINT('',(6.14422919775019,-6.73809862454836,1.44118123542604));
#1745=CARTESIAN_POINT('',(7.56029269222842,-6.58109020459446,2.30940407648112));
#1746=CARTESIAN_POINT('',(8.96454713344946,-6.42539113326813,3.17038650083943));
#1747=CARTESIAN_POINT('',(10.6564451758251,-6.37637349537636,3.44144351067811));
#1748=CARTESIAN_POINT('',(12.2649327675696,-6.44613457062996,3.05567974737472));
#1749=CARTESIAN_POINT('',(13.8802681229091,-6.51619263751341,2.66827368414429));
#1750=CARTESIAN_POINT('',(15.262024495822,-6.69944600653973,1.65492191144536));
#1751=CARTESIAN_POINT('',(16.1193122554142,-6.95230003605908,0.256693434616121));
#1752=CARTESIAN_POINT('',(16.7209305690382,-7.12974525574218,-0.72454051965293));
#1753=CARTESIAN_POINT('',(17.037209554445,-7.33342618366231,-1.85085230573081));
#1754=CARTESIAN_POINT('',(17.037209554445,-7.54059674696657,-2.99646102600081));
#1755=CARTESIAN_POINT('',(4.58968475137497,-3.04039016438306,-2.99646102600081));
#1756=CARTESIAN_POINT('',(4.58968475131177,-7.54059674696657,-2.99646102600081));
#1757=CARTESIAN_POINT('',(17.037209554445,-7.54059674696657,-2.99646102600081));
#1758=CARTESIAN_POINT('',(17.0372095543818,-3.04039016438306,-2.99646102600081));
#1759=CARTESIAN_POINT('',(4.66828320239954,-2.86049880304329,-2.01046992456898));
#1760=CARTESIAN_POINT('',(4.68472726869907,-3.18902036169543,-1.90798270812613));
#1761=CARTESIAN_POINT('',(4.71216226584053,-3.49652080261376,-1.74988759995342));
#1762=CARTESIAN_POINT('',(4.76130637950285,-3.76922610816782,-1.54497541132428));
#1763=CARTESIAN_POINT('',(4.8903870712596,-4.48550699845986,-1.00675821527533));
#1764=CARTESIAN_POINT('',(5.16014852974504,-4.85571485022597,-0.245429229671947));
#1765=CARTESIAN_POINT('',(5.65919192268144,-4.945212779017,0.491929928630705));
#1766=CARTESIAN_POINT('',(6.16494020878341,-5.03591315645192,1.23919586949185));
#1767=CARTESIAN_POINT('',(6.83085326929749,-4.8383158661364,1.86216709123341));
#1768=CARTESIAN_POINT('',(7.56029269226145,-4.59005850535758,2.30940407648112));
#1769=CARTESIAN_POINT('',(8.23181299025868,-4.36151333540665,2.72112944277486));
#1770=CARTESIAN_POINT('',(8.99339306487485,-4.06273519560054,3.0098920434496));
#1771=CARTESIAN_POINT('',(9.99701049431318,-3.86535133840338,3.17705591150425));
#1772=CARTESIAN_POINT('',(10.2053983452239,-3.83482802092324,3.20116214326077));
#1773=CARTESIAN_POINT('',(10.6242355260379,-3.80073192631034,3.22788312558878));
#1774=CARTESIAN_POINT('',(10.8303774346552,-3.79692785399567,3.23075100724888));
#1775=CARTESIAN_POINT('',(11.4601026519095,-3.82624067256693,3.20799761135778));
#1776=CARTESIAN_POINT('',(11.867304466987,-3.90112937506247,3.1510429882302));
#1777=CARTESIAN_POINT('',(12.2649327675549,-4.00422228577874,3.05567974737472));
#1778=CARTESIAN_POINT('',(13.0014743994973,-4.19518510354649,2.87903488344858));
#1779=CARTESIAN_POINT('',(13.6990347863753,-4.47258105478021,2.56925063596429));
#1780=CARTESIAN_POINT('',(14.9507660134064,-4.87976619190958,1.71497250001603));
#1781=CARTESIAN_POINT('',(15.5221607452162,-5.02511575808246,1.15023782676269));
#1782=CARTESIAN_POINT('',(15.9677023830753,-4.945212779017,0.491929928630706));
#1783=CARTESIAN_POINT('',(16.0202359792355,-4.93579145791581,0.414309166998468));
#1784=CARTESIAN_POINT('',(16.0707936321261,-4.92318760379853,0.335826864324315));
#1785=CARTESIAN_POINT('',(16.1193122553603,-4.90712672239078,0.256693434616121));
#1786=CARTESIAN_POINT('',(16.7244118738375,-4.70682356940737,-0.73021849596417));
#1787=CARTESIAN_POINT('',(16.902138620868,-3.98871293392686,-1.65850664307189));
#1788=CARTESIAN_POINT('',(16.9586111033572,-2.86049880304329,-2.01046992456898));
#1789=CARTESIAN_POINT('',(4.58968475137497,-3.04039016438306,-2.99646102600081));
#1790=CARTESIAN_POINT('',(4.58968475137497,-2.98015315767327,-2.66629979896688));
#1791=CARTESIAN_POINT('',(4.61595657051353,-2.91999929725383,-2.33659429977773));
#1792=CARTESIAN_POINT('',(4.66828320239954,-2.86049880304329,-2.01046992456898));
#1793=CARTESIAN_POINT('',(16.9586111033572,-2.86049880304329,-2.01046992456898));
#1794=CARTESIAN_POINT('',(17.0109377352431,-2.91999929725371,-2.33659429977709));
#1795=CARTESIAN_POINT('',(17.0372095543818,-2.98015315767339,-2.66629979896752));
#1796=CARTESIAN_POINT('',(17.0372095543818,-3.04039016438306,-2.99646102600081));
#1797=CARTESIAN_POINT('',(4.58968475131177,-7.54059674696657,-2.99646102600081));
#1798=CARTESIAN_POINT('',(-2.94337266605703,-7.54059674696657,-2.99646102600081));
#1799=CARTESIAN_POINT('',(17.0372095543818,-3.04039016438306,-2.99646102600081));
#1800=CARTESIAN_POINT('',(24.5702669718138,-3.04039016438306,-2.99646102600081));
#1801=CARTESIAN_POINT('',(16.9586111033572,-2.86049880304329,-2.01046992456898));
#1802=CARTESIAN_POINT('',(24.5702669718138,-2.86049880304341,-2.01046992456895));
#1803=CARTESIAN_POINT('',(10.8134471528784,-7.54059674696657,-2.99646102600081));
#1804=CARTESIAN_POINT('',(4.99271216052524,-8.48390741981822,4.87976142538108));
#1805=CARTESIAN_POINT('',(16.6341821452315,-8.48390741981822,4.87976142538108));
#1806=CARTESIAN_POINT('',(16.6341821452315,-8.48390741981822,8.17941240580248));
#1807=CARTESIAN_POINT('',(4.99271216052524,-8.48390741981822,8.17941240580248));
#1808=CARTESIAN_POINT('',(4.99271216052524,-8.48390741981822,4.87976142538108));
#1809=CARTESIAN_POINT('',(24.5702669718138,-10.0733749612917,-2.99646102600081));
#1810=CARTESIAN_POINT('',(21.112947475104,-10.0733749612917,16.9911399959538));
#1811=CARTESIAN_POINT('',(21.112947475104,-7.54059674696657,-2.99646102600081));
#1812=CARTESIAN_POINT('',(24.5702669718138,-4.96763337686569,11.2314738056183));
#1813=CARTESIAN_POINT('',(24.5702669718138,-10.0733749612917,-2.99646102600081));
#1814=CARTESIAN_POINT('',(24.5702669718138,-10.0733749612917,16.9911399959538));
#1815=CARTESIAN_POINT('',(24.5702669718138,-10.0733749612917,-2.99646102600081));
#1816=CARTESIAN_POINT('',(21.112947475104,-10.0733749612917,-2.99646102600081));
#1817=CARTESIAN_POINT('',(21.112947475104,-10.0733749612917,16.9911399959538));
#1818=CARTESIAN_POINT('',(24.5702669718138,-10.0733749612917,16.9911399959538));
#1819=CARTESIAN_POINT('',(21.112947475104,-7.54059674696657,-2.99646102600081));
#1820=CARTESIAN_POINT('',(21.112947475104,-4.96763337686569,11.2314738056183));
#1821=CARTESIAN_POINT('',(24.5702669718138,-7.54059674696657,-2.99646102600081));
#1822=CARTESIAN_POINT('',(24.5702669718138,-4.96763337686569,11.2314738056183));
#1823=CARTESIAN_POINT('',(24.5702669718138,-10.0733749612917,-2.99646102600081));
#1824=CARTESIAN_POINT('',(21.112947475104,-10.0733749612917,-2.99646102600081));
#1825=CARTESIAN_POINT('',(21.112947475104,-10.0733749612917,-2.99646102600081));
#1826=CARTESIAN_POINT('',(21.112947475104,-10.0733749612917,16.9911399959538));
#1827=CARTESIAN_POINT('',(24.5702669718138,-10.0733749612917,16.9911399959538));
#1828=CARTESIAN_POINT('',(21.112947475104,-10.0733749612917,16.9911399959538));
#1829=CARTESIAN_POINT('',(24.5702669718138,-10.0733749612917,-2.99646102600081));
#1830=CARTESIAN_POINT('',(24.5702669718138,-10.0733749612917,16.9911399959538));
#1831=CARTESIAN_POINT('',(21.112947475104,-10.0733749612917,-2.99646102600081));
#1832=CARTESIAN_POINT('',(21.112947475104,-7.54059674696657,-2.99646102600081));
#1833=CARTESIAN_POINT('',(21.112947475104,-7.54059674696657,-2.99646102600081));
#1834=CARTESIAN_POINT('',(21.112947475104,-4.96763337686569,11.2314738056183));
#1835=CARTESIAN_POINT('',(21.112947475104,-10.0733749612917,16.9911399959538));
#1836=CARTESIAN_POINT('',(21.112947475104,-4.96763337686569,11.2314738056183));
#1837=CARTESIAN_POINT('',(21.112947475104,-7.54059674696657,-2.99646102600081));
#1838=CARTESIAN_POINT('',(24.5702669718138,-7.54059674696657,-2.99646102600081));
#1839=CARTESIAN_POINT('',(24.5702669718138,-7.54059674696657,-2.99646102600081));
#1840=CARTESIAN_POINT('',(24.5702669718138,-4.96763337686569,11.2314738056183));
#1841=CARTESIAN_POINT('',(21.112947475104,-4.96763337686569,11.2314738056183));
#1842=CARTESIAN_POINT('',(24.5702669718138,-4.96763337686569,11.2314738056183));
#1843=CARTESIAN_POINT('',(24.5702669718138,-7.54059674696657,-2.99646102600081));
#1844=CARTESIAN_POINT('',(24.5702669718138,-10.0733749612917,-2.99646102600081));
#1845=CARTESIAN_POINT('',(24.5702669718138,-4.96763337686569,11.2314738056183));
#1846=CARTESIAN_POINT('',(24.5702669718138,-10.0733749612917,16.9911399959538));
#1847=CARTESIAN_POINT('',(-2.94337266605703,-10.0733749612917,-2.99646102600081));
#1848=CARTESIAN_POINT('',(0.513946830652777,-10.0733749612917,16.9911399959538));
#1849=CARTESIAN_POINT('',(0.513946830652777,-7.54059674696657,-2.99646102600081));
#1850=CARTESIAN_POINT('',(-2.94337266605703,-4.96763337686569,11.2314738056183));
#1851=CARTESIAN_POINT('',(-2.94337266605703,-10.0733749612917,-2.99646102600081));
#1852=CARTESIAN_POINT('',(-2.94337266605703,-10.0733749612917,16.9911399959538));
#1853=CARTESIAN_POINT('',(-2.94337266605703,-10.0733749612917,-2.99646102600081));
#1854=CARTESIAN_POINT('',(0.513946830652777,-10.0733749612917,-2.99646102600081));
#1855=CARTESIAN_POINT('',(0.513946830652777,-10.0733749612917,16.9911399959538));
#1856=CARTESIAN_POINT('',(-2.94337266605703,-10.0733749612917,16.9911399959538));
#1857=CARTESIAN_POINT('',(0.513946830652777,-7.54059674696657,-2.99646102600081));
#1858=CARTESIAN_POINT('',(0.513946830652777,-4.96763337686569,11.2314738056183));
#1859=CARTESIAN_POINT('',(-2.94337266605703,-7.54059674696657,-2.99646102600081));
#1860=CARTESIAN_POINT('',(-2.94337266605703,-4.96763337686569,11.2314738056183));
#1861=CARTESIAN_POINT('',(-2.94337266605703,-10.0733749612917,-2.99646102600081));
#1862=CARTESIAN_POINT('',(0.513946830652777,-10.0733749612917,-2.99646102600081));
#1863=CARTESIAN_POINT('',(0.513946830652777,-10.0733749612917,-2.99646102600081));
#1864=CARTESIAN_POINT('',(0.513946830652777,-10.0733749612917,16.9911399959538));
#1865=CARTESIAN_POINT('',(-2.94337266605703,-10.0733749612917,16.9911399959538));
#1866=CARTESIAN_POINT('',(0.513946830652777,-10.0733749612917,16.9911399959538));
#1867=CARTESIAN_POINT('',(-2.94337266605703,-10.0733749612917,-2.99646102600081));
#1868=CARTESIAN_POINT('',(-2.94337266605703,-10.0733749612917,16.9911399959538));
#1869=CARTESIAN_POINT('',(0.513946830652777,-10.0733749612917,-2.99646102600081));
#1870=CARTESIAN_POINT('',(0.513946830652777,-7.54059674696657,-2.99646102600081));
#1871=CARTESIAN_POINT('',(0.513946830652777,-7.54059674696657,-2.99646102600081));
#1872=CARTESIAN_POINT('',(0.513946830652777,-4.96763337686569,11.2314738056183));
#1873=CARTESIAN_POINT('',(0.513946830652777,-10.0733749612917,16.9911399959538));
#1874=CARTESIAN_POINT('',(0.513946830652777,-4.96763337686569,11.2314738056183));
#1875=CARTESIAN_POINT('',(0.513946830652777,-7.54059674696657,-2.99646102600081));
#1876=CARTESIAN_POINT('',(-2.94337266605703,-7.54059674696657,-2.99646102600081));
#1877=CARTESIAN_POINT('',(-2.94337266605703,-7.54059674696657,-2.99646102600081));
#1878=CARTESIAN_POINT('',(-2.94337266605703,-4.96763337686569,11.2314738056183));
#1879=CARTESIAN_POINT('',(0.513946830652777,-4.96763337686569,11.2314738056183));
#1880=CARTESIAN_POINT('',(-2.94337266605703,-4.96763337686569,11.2314738056183));
#1881=CARTESIAN_POINT('',(-2.94337266605703,-7.54059674696657,-2.99646102600081));
#1882=CARTESIAN_POINT('',(-2.94337266605703,-10.0733749612917,-2.99646102600081));
#1883=CARTESIAN_POINT('',(-2.94337266605703,-4.96763337686569,11.2314738056183));
#1884=CARTESIAN_POINT('',(-2.94337266605703,-10.0733749612917,16.9911399959538));
#1885=CARTESIAN_POINT('',(-2.94337266605703,-10.0733749612917,-2.99646102600081));
#1886=CARTESIAN_POINT('',(1.66590996810504,-10.0733749612917,-2.99646102600081));
#1887=CARTESIAN_POINT('',(1.66590996810504,-7.54059674696657,-2.99646102600081));
#1888=CARTESIAN_POINT('',(-2.94337266605703,-7.54059674696657,-2.99646102600081));
#1889=CARTESIAN_POINT('',(-2.94337266605703,-10.0733749612917,-2.99646102600081));
#1890=CARTESIAN_POINT('',(-1.68655284712163,-12.7210630214204,6.9911399959538));
#1891=CARTESIAN_POINT('',(2.87594715287838,-17.2835630214204,16.9911399959538));
#1892=CARTESIAN_POINT('',(2.87594715287838,-17.2835630214204,-3.0088600040462));
#1893=CARTESIAN_POINT('',(-1.68655284712162,-12.7210630214204,6.9911399959538));
#1894=CARTESIAN_POINT('',(-1.68655284712163,-12.7210630214204,6.9911399959538));
#1895=CARTESIAN_POINT('',(0.30925145898957,-15.7770841554619,-3.0088600040462));
#1896=CARTESIAN_POINT('',(-1.68655284712163,-12.7210630214204,6.9911399959538));
#1897=CARTESIAN_POINT('',(-1.68655284702171,-9.07106302142044,16.9911399959538));
#1898=CARTESIAN_POINT('',(-1.68655284702171,-9.07106302142044,-3.0088600040462));
#1899=CARTESIAN_POINT('',(0.963447152878377,-12.7210630214204,16.9911399959538));
#1900=CARTESIAN_POINT('',(0.963447152878376,-12.7210630214204,-3.0088600040462));
#1901=CARTESIAN_POINT('',(0.309251458989569,-15.7770841554619,16.9911399959538));
#1902=CARTESIAN_POINT('',(0.309251458989568,-15.7770841554619,-3.0088600040462));
#1903=CARTESIAN_POINT('',(-3.68235715323282,-15.7770841554619,-3.0088600040462));
#1904=CARTESIAN_POINT('',(-3.68235715323282,-15.7770841554619,16.9911399959538));
#1905=CARTESIAN_POINT('',(-4.33655284712162,-12.7210630214204,16.9911399959538));
#1906=CARTESIAN_POINT('',(-4.33655284712162,-12.7210630214204,-3.0088600040462));
#1907=CARTESIAN_POINT('',(-1.68655284712162,-12.7210630214204,16.9911399959538));
#1908=CARTESIAN_POINT('',(-1.68655284702171,-9.07106302142044,16.9911399959538));
#1909=CARTESIAN_POINT('',(0.309251458989569,-15.7770841554619,16.9911399959538));
#1910=CARTESIAN_POINT('',(-1.68655284702171,-9.07106302142044,16.9911399959538));
#1911=CARTESIAN_POINT('',(-1.68655284702171,-9.07106302142044,-3.0088600040462));
#1912=CARTESIAN_POINT('',(-1.68655284712162,-12.7210630214204,-3.0088600040462));
#1913=CARTESIAN_POINT('',(-1.68655284702171,-9.07106302142044,-3.0088600040462));
#1914=CARTESIAN_POINT('',(0.309251458989566,-15.7770841554619,-3.0088600040462));
#1915=CARTESIAN_POINT('',(-1.68655284712162,-12.7210630214204,16.9911399959538));
#1916=CARTESIAN_POINT('',(0.963447152878376,-12.7210630214204,16.9911399959538));
#1917=CARTESIAN_POINT('',(-4.33655284712162,-12.7210630214204,16.9911399959538));
#1918=CARTESIAN_POINT('',(-1.68655284712162,-12.7210630214204,-3.0088600040462));
#1919=CARTESIAN_POINT('',(0.963447152878376,-12.7210630214204,-3.0088600040462));
#1920=CARTESIAN_POINT('',(-4.33655284712162,-12.7210630214204,-3.0088600040462));
#1921=CARTESIAN_POINT('',(0.963447152878377,-12.7210630214204,16.9911399959538));
#1922=CARTESIAN_POINT('',(0.963447152878376,-12.7210630214204,-3.0088600040462));
#1923=CARTESIAN_POINT('',(0.309251458989569,-15.7770841554619,16.9911399959538));
#1924=CARTESIAN_POINT('',(0.309251458989568,-15.7770841554619,-3.0088600040462));
#1925=CARTESIAN_POINT('',(-3.68235715323282,-15.7770841554619,-3.0088600040462));
#1926=CARTESIAN_POINT('',(-3.68235715323282,-15.7770841554619,16.9911399959538));
#1927=CARTESIAN_POINT('',(0.309251458989569,-15.7770841554619,16.9911399959538));
#1928=CARTESIAN_POINT('',(-3.68235715323282,-15.7770841554619,16.9911399959538));
#1929=CARTESIAN_POINT('',(0.309251458989568,-15.7770841554619,-3.0088600040462));
#1930=CARTESIAN_POINT('',(-3.68235715323282,-15.7770841554619,-3.0088600040462));
#1931=CARTESIAN_POINT('',(-1.68655284712162,-12.7210630214204,16.9911399959538));
#1932=CARTESIAN_POINT('',(-3.68235715323282,-15.7770841554619,16.9911399959538));
#1933=CARTESIAN_POINT('',(-1.68655284702171,-9.07106302142044,16.9911399959538));
#1934=CARTESIAN_POINT('',(-1.68655284712162,-12.7210630214204,-3.0088600040462));
#1935=CARTESIAN_POINT('',(-3.68235715323282,-15.7770841554619,-3.0088600040462));
#1936=CARTESIAN_POINT('',(-1.68655284702171,-9.07106302142044,-3.0088600040462));
#1937=CARTESIAN_POINT('',(-4.33655284712162,-12.7210630214204,16.9911399959538));
#1938=CARTESIAN_POINT('',(-4.33655284712162,-12.7210630214204,-3.0088600040462));
#1939=CARTESIAN_POINT('',(-1.68655284712162,-12.7210630214204,16.9911399959538));
#1940=CARTESIAN_POINT('',(-4.33655284712162,-12.7210630214204,16.9911399959538));
#1941=CARTESIAN_POINT('',(0.963447152878376,-12.7210630214204,16.9911399959538));
#1942=CARTESIAN_POINT('',(-1.68655284712162,-12.7210630214204,-3.0088600040462));
#1943=CARTESIAN_POINT('',(-4.33655284712162,-12.7210630214204,-3.0088600040462));
#1944=CARTESIAN_POINT('',(0.963447152878376,-12.7210630214204,-3.0088600040462));
#1945=CARTESIAN_POINT('',(23.3134471528784,-12.7210630214204,6.9911399959538));
#1946=CARTESIAN_POINT('',(27.8759471528784,-17.2835630214204,16.9911399959538));
#1947=CARTESIAN_POINT('',(27.8759471528784,-17.2835630214204,-3.0088600040462));
#1948=CARTESIAN_POINT('',(23.3134471528784,-12.7210630214204,6.9911399959538));
#1949=CARTESIAN_POINT('',(23.3134471528784,-12.7210630214204,6.9911399959538));
#1950=CARTESIAN_POINT('',(25.3092514589896,-15.7770841554619,-3.0088600040462));
#1951=CARTESIAN_POINT('',(23.3134471528784,-12.7210630214204,6.9911399959538));
#1952=CARTESIAN_POINT('',(26.9634471528784,-12.7210630214204,16.9911399959538));
#1953=CARTESIAN_POINT('',(26.9634471528784,-12.7210630214204,-3.0088600040462));
#1954=CARTESIAN_POINT('',(25.9634471528784,-12.7210630214204,16.9911399959538));
#1955=CARTESIAN_POINT('',(25.9634471528784,-12.7210630214204,-3.0088600040462));
#1956=CARTESIAN_POINT('',(25.3092514589896,-15.7770841554619,16.9911399959538));
#1957=CARTESIAN_POINT('',(25.3092514589896,-15.7770841554619,-3.0088600040462));
#1958=CARTESIAN_POINT('',(21.3176428467672,-15.7770841554619,-3.0088600040462));
#1959=CARTESIAN_POINT('',(21.3176428467672,-15.7770841554619,16.9911399959538));
#1960=CARTESIAN_POINT('',(20.6634471528784,-12.7210630214204,16.9911399959538));
#1961=CARTESIAN_POINT('',(20.6634471528784,-12.7210630214204,-3.0088600040462));
#1962=CARTESIAN_POINT('',(23.3134471528783,-12.7210630214204,16.9911399959538));
#1963=CARTESIAN_POINT('',(26.9634471528784,-12.7210630214204,16.9911399959538));
#1964=CARTESIAN_POINT('',(25.3092514589896,-15.7770841554619,16.9911399959538));
#1965=CARTESIAN_POINT('',(26.9634471528784,-12.7210630214204,16.9911399959538));
#1966=CARTESIAN_POINT('',(26.9634471528784,-12.7210630214204,-3.0088600040462));
#1967=CARTESIAN_POINT('',(23.3134471528783,-12.7210630214204,-3.0088600040462));
#1968=CARTESIAN_POINT('',(26.9634471528784,-12.7210630214204,-3.0088600040462));
#1969=CARTESIAN_POINT('',(25.3092514589896,-15.7770841554619,-3.0088600040462));
#1970=CARTESIAN_POINT('',(23.3134471528784,-12.7210630214204,16.9911399959538));
#1971=CARTESIAN_POINT('',(25.9634471528784,-12.7210630214204,16.9911399959538));
#1972=CARTESIAN_POINT('',(20.6634471528784,-12.7210630214204,16.9911399959538));
#1973=CARTESIAN_POINT('',(23.3134471528784,-12.7210630214204,-3.0088600040462));
#1974=CARTESIAN_POINT('',(25.9634471528784,-12.7210630214204,-3.0088600040462));
#1975=CARTESIAN_POINT('',(20.6634471528784,-12.7210630214204,-3.0088600040462));
#1976=CARTESIAN_POINT('',(25.9634471528784,-12.7210630214204,16.9911399959538));
#1977=CARTESIAN_POINT('',(25.9634471528784,-12.7210630214204,-3.0088600040462));
#1978=CARTESIAN_POINT('',(25.3092514589896,-15.7770841554619,16.9911399959538));
#1979=CARTESIAN_POINT('',(25.3092514589896,-15.7770841554619,-3.0088600040462));
#1980=CARTESIAN_POINT('',(21.3176428467672,-15.7770841554619,-3.0088600040462));
#1981=CARTESIAN_POINT('',(21.3176428467672,-15.7770841554619,16.9911399959538));
#1982=CARTESIAN_POINT('',(25.3092514589896,-15.7770841554619,16.9911399959538));
#1983=CARTESIAN_POINT('',(21.3176428467672,-15.7770841554619,16.9911399959538));
#1984=CARTESIAN_POINT('',(25.3092514589896,-15.7770841554619,-3.0088600040462));
#1985=CARTESIAN_POINT('',(21.3176428467672,-15.7770841554619,-3.0088600040462));
#1986=CARTESIAN_POINT('',(23.3134471528784,-12.7210630214204,16.9911399959538));
#1987=CARTESIAN_POINT('',(21.3176428467672,-15.7770841554619,16.9911399959538));
#1988=CARTESIAN_POINT('',(26.9634471528784,-12.7210630214204,16.9911399959538));
#1989=CARTESIAN_POINT('',(23.3134471528784,-12.7210630214204,-3.0088600040462));
#1990=CARTESIAN_POINT('',(21.3176428467672,-15.7770841554619,-3.0088600040462));
#1991=CARTESIAN_POINT('',(26.9634471528784,-12.7210630214204,-3.0088600040462));
#1992=CARTESIAN_POINT('',(20.6634471528784,-12.7210630214204,16.9911399959538));
#1993=CARTESIAN_POINT('',(20.6634471528784,-12.7210630214204,-3.0088600040462));
#1994=CARTESIAN_POINT('',(23.3134471528784,-12.7210630214204,16.9911399959538));
#1995=CARTESIAN_POINT('',(20.6634471528784,-12.7210630214204,16.9911399959538));
#1996=CARTESIAN_POINT('',(25.9634471528784,-12.7210630214204,16.9911399959538));
#1997=CARTESIAN_POINT('',(23.3134471528784,-12.7210630214204,-3.0088600040462));
#1998=CARTESIAN_POINT('',(20.6634471528784,-12.7210630214204,-3.0088600040462));
#1999=CARTESIAN_POINT('',(25.9634471528784,-12.7210630214204,-3.0088600040462));
#2000=CARTESIAN_POINT('',(24.5702669718138,20.4767798071742,-2.99646102600081));
#2001=CARTESIAN_POINT('',(24.5702669718138,-26.5123952894711,-2.99646102600081));
#2002=CARTESIAN_POINT('',(23.3134471528784,-12.7210630214204,8.));
#2003=CARTESIAN_POINT('',(-1.68655284712162,-12.7210630214204,8.));
#2004=CARTESIAN_POINT('',(-1.68655284704908,-10.0710630214204,8.));
#2005=CARTESIAN_POINT('',(-1.68655284702171,-9.07106302142043,8.));
#2006=CARTESIAN_POINT('',(-1.68655284712162,-12.7210630214204,8.));
#2007=CARTESIAN_POINT('',(24.5702669718138,32.2021770917616,-4.78058349270538));
#2008=CARTESIAN_POINT('',(24.5702669718138,32.9319754508654,-4.78058349270538));
#2009=CARTESIAN_POINT('',(24.5702669718138,32.9319754508654,-1.63092741657317));
#2010=CARTESIAN_POINT('',(24.5702669718138,32.2021770917616,-1.63092741657317));
#2011=CARTESIAN_POINT('',(24.5702669718138,32.2021770917616,-4.78058349270538));
#2012=CARTESIAN_POINT('',(26.9861992419224,32.5670762713135,1.15412492944904));
#2013=CARTESIAN_POINT('',(24.5702669718138,27.7750502175268,8.));
#2014=CARTESIAN_POINT('',(24.5702669718138,55.2886898553976,8.));
#2015=CARTESIAN_POINT('',(24.5702669718138,27.7750502175268,8.));
#2016=CARTESIAN_POINT('',(24.5702669718138,27.7750502175268,-0.844711769387141));
#2017=CARTESIAN_POINT('',(24.5702669718138,55.3374472791267,3.07770779598358));
#2018=CARTESIAN_POINT('',(24.5702669718138,55.2886898553976,8.));
#2019=CARTESIAN_POINT('',(-1.88655284712163,28.8318700364622,8.));
#2020=CARTESIAN_POINT('',(23.5134471528784,28.8318700364622,8.));
#2021=CARTESIAN_POINT('',(23.5134471528784,54.2318700364622,8.));
#2022=CARTESIAN_POINT('',(-1.88655284712163,54.2318700364622,8.));
#2023=CARTESIAN_POINT('',(-1.88655284712163,28.8318700364622,8.));
#2024=CARTESIAN_POINT('',(-2.94337266605703,27.7750502175268,8.));
#2025=CARTESIAN_POINT('',(24.5702669718138,27.7750502175268,8.));
#2026=CARTESIAN_POINT('',(24.5702669718138,55.2886898553976,8.));
#2027=CARTESIAN_POINT('',(-2.94337266605703,55.2886898553976,8.));
#2028=CARTESIAN_POINT('',(-2.94337266605703,27.7750502175268,8.));
#2029=CARTESIAN_POINT('',(-1.88655284712163,54.2318700364622,0.));
#2030=CARTESIAN_POINT('',(-1.88655284712163,55.2318700364622,0.));
#2031=CARTESIAN_POINT('',(0.,0.,0.));
#2032=CARTESIAN_POINT('',(0.,0.,0.));
ENDSEC;
END-ISO-10303-21;
